team_id,team_name,player_id,player_name,player_number,position,birthday
43921,USA,448217,Matt TURNER,1,Goalkeeper,1994-06-24T00:00:00Z
43921,USA,406280,Sergino DEST,2,Defender,2000-11-03T00:00:00Z
43921,USA,419062,Chris RICHARDS,3,Defender,2000-03-28T00:00:00Z
43921,USA,390238,Tyler ADAMS,4,Midfielder,1999-02-14T00:00:00Z
43921,USA,441251,Antonee ROBINSON,5,Defender,1997-08-08T00:00:00Z
43921,USA,390272,Auston TRUSTY,6,Defender,1998-08-12T00:00:00Z
43921,USA,419068,Giovanni REYNA,7,Midfielder,2002-11-13T00:00:00Z
43921,USA,390259,Weston McKENNIE,8,Midfielder,1998-08-28T00:00:00Z
43921,USA,419082,Ricardo PEPI,9,Forward,2003-01-09T00:00:00Z
43921,USA,390267,Christian PULISIC,10,Forward,1998-09-18T00:00:00Z
43921,USA,419055,Brenden AARONSON,11,Forward,2000-10-22T00:00:00Z
43921,USA,436599,Miles ROBINSON,12,Defender,1997-03-14T00:00:00Z
43921,USA,339510,Tim REAM,13,Defender,1987-10-05T00:00:00Z
43921,USA,499912,Sebastian BERHALTER,14,Midfielder,2001-05-10T00:00:00Z
43921,USA,385994,Cristian ROLDAN,15,Midfielder,1995-06-03T00:00:00Z
43921,USA,464542,Alex FREEMAN,16,Defender,2004-08-09T00:00:00Z
43921,USA,448214,Malik TILLMAN,17,Midfielder,2002-05-28T00:00:00Z
43921,USA,486390,Max ARFSTEN,18,Defender,2001-04-19T00:00:00Z
43921,USA,390276,Haji WRIGHT,19,Forward,1998-03-27T00:00:00Z
43921,USA,466624,Folarin BALOGUN,20,Forward,2001-07-03T00:00:00Z
43921,USA,406304,Timothy WEAH,21,Forward,2000-02-22T00:00:00Z
43921,USA,419077,Mark McKENZIE,22,Defender,1999-02-25T00:00:00Z
43921,USA,423700,Joe SCALLY,23,Defender,2002-12-31T00:00:00Z
43921,USA,499913,Matt FREESE,24,Goalkeeper,1998-09-02T00:00:00Z
43921,USA,464546,Chris BRADY,25,Goalkeeper,2004-03-03T00:00:00Z
43921,USA,390278,Alex ZENDEJAS,26,Forward,1998-02-07T00:00:00Z
43911,MEX,485070,Raul RANGEL,1,Goalkeeper,2000-02-25T00:00:00Z
43911,MEX,403596,Jorge SANCHEZ,2,Defender,1997-12-10T00:00:00Z
43911,MEX,395516,Cesar MONTES,3,Defender,1997-02-24T00:00:00Z
43911,MEX,400634,Edson ALVAREZ,4,Defender,1997-10-24T00:00:00Z
43911,MEX,425701,Johan VASQUEZ,5,Defender,1998-10-22T00:00:00Z
43911,MEX,419518,Erik LIRA,6,Midfielder,2000-05-08T00:00:00Z
43911,MEX,430763,Luis ROMO,7,Midfielder,1995-06-05T00:00:00Z
43911,MEX,416576,Alvaro FIDALGO,8,Midfielder,1997-04-09T00:00:00Z
43911,MEX,356731,Raul JIMENEZ,9,Forward,1991-05-05T00:00:00Z
43911,MEX,430766,Alexis VEGA,10,Forward,1997-11-25T00:00:00Z
43911,MEX,430759,Santiago GIMENEZ,11,Forward,2001-04-18T00:00:00Z
43911,MEX,441260,Carlos ACEVEDO,12,Goalkeeper,1996-04-19T00:00:00Z
43911,MEX,215285,Guillermo OCHOA,13,Goalkeeper,1985-07-13T00:00:00Z
43911,MEX,514336,Armando GONZALEZ,14,Forward,2003-04-20T00:00:00Z
43911,MEX,441261,Israel REYES,15,Defender,2000-05-23T00:00:00Z
43911,MEX,429157,Julian QUINONES,16,Forward,1997-03-24T00:00:00Z
43911,MEX,372090,Orbelin PINEDA,17,Midfielder,1996-03-24T00:00:00Z
43911,MEX,461177,Obed VARGAS,18,Midfielder,2005-08-05T00:00:00Z
43911,MEX,500037,Gilberto MORA,19,Midfielder,2008-10-14T00:00:00Z
43911,MEX,500038,Mateo CHAVEZ,20,Defender,2004-05-12T00:00:00Z
43911,MEX,406135,Cesar HUERTA,21,Forward,2000-12-03T00:00:00Z
43911,MEX,386339,Guillermo MARTINEZ,22,Forward,1995-03-15T00:00:00Z
43911,MEX,402772,Jesus GALLARDO,23,Defender,1994-08-15T00:00:00Z
43911,MEX,448051,Luis CHAVEZ,24,Midfielder,1996-01-15T00:00:00Z
43911,MEX,403585,Roberto ALVARADO,25,Forward,1998-09-07T00:00:00Z
43911,MEX,464533,Brian GUTIERREZ,26,Midfielder,2003-06-17T00:00:00Z
43899,CAN,441255,Dayne ST. CLAIR,1,Goalkeeper,1997-05-09T00:00:00Z
43899,CAN,441252,Alistair JOHNSTON,2,Defender,1998-10-08T00:00:00Z
43899,CAN,514070,Alfie JONES,3,Defender,1997-10-07T00:00:00Z
43899,CAN,480322,Luc DE FOUGEROLLES,4,Defender,2005-10-12T00:00:00Z
43899,CAN,448402,Joel WATERMAN,5,Defender,1996-01-24T00:00:00Z
43899,CAN,448390,Mathieu CHOINIERE,6,Midfielder,1999-02-07T00:00:00Z
43899,CAN,433635,Stephen EUSTAQUIO,7,Midfielder,1996-12-21T00:00:00Z
43899,CAN,441258,Ismael KONE,8,Midfielder,2002-06-16T00:00:00Z
43899,CAN,390670,Cyle LARIN,9,Forward,1995-04-17T00:00:00Z
43899,CAN,441257,Jonathan DAVID,10,Forward,2000-01-14T00:00:00Z
43899,CAN,441259,Liam MILLAR,11,Midfielder,1999-09-27T00:00:00Z
43899,CAN,486929,Tani OLUWASEYI,12,Forward,2000-05-15T00:00:00Z
43899,CAN,371958,Derek CORNELIUS,13,Defender,1997-11-25T00:00:00Z
43899,CAN,448411,Jacob SHAFFELBURG,14,Midfielder,1999-11-26T00:00:00Z
43899,CAN,466585,Moise BOMBITO,15,Defender,2000-03-30T00:00:00Z
43899,CAN,331732,Maxime CREPEAU,16,Goalkeeper,1994-05-11T00:00:00Z
43899,CAN,430138,Tajon BUCHANAN,17,Forward,1999-02-08T00:00:00Z
43899,CAN,463817,Owen GOODMAN,18,Goalkeeper,2003-11-27T00:00:00Z
43899,CAN,412144,Alphonso DAVIES,19,Defender,2000-11-02T00:00:00Z
43899,CAN,466687,Ali AHMED,20,Forward,2000-10-10T00:00:00Z
43899,CAN,370986,Jonathan OSORIO,21,Midfielder,1992-06-12T00:00:00Z
43899,CAN,431696,Richie LARYEA,22,Defender,1995-01-07T00:00:00Z
43899,CAN,485064,Niko SIGUR,23,Defender,2003-09-09T00:00:00Z
43899,CAN,493970,Promise DAVID,24,Forward,2001-07-03T00:00:00Z
43899,CAN,423941,Nathan SALIBA,25,Midfielder,2004-02-07T00:00:00Z
43899,CAN,423933,Jayden Nelson,26,Forward,2002-09-26T00:00:00Z
43922,ARG,430624,Juan MUSSO,1,Goalkeeper,1994-05-06T00:00:00Z
43922,ARG,402934,Marcos SENESI,2,Midfielder,1997-05-10T00:00:00Z
43922,ARG,308322,Nicolas TAGLIAFICO,3,Defender,1992-08-31T00:00:00Z
43922,ARG,402926,Gonzalo MONTIEL,4,Defender,1997-01-01T00:00:00Z
43922,ARG,332847,Leandro PAREDES,5,Midfielder,1994-06-29T00:00:00Z
43922,ARG,402921,Lisandro MARTINEZ,6,Defender,1998-01-18T00:00:00Z
43922,ARG,428882,Rodrigo DE PAUL,7,Midfielder,1994-05-24T00:00:00Z
43922,ARG,463661,Valentin BARCO,8,Midfielder,2004-07-23T00:00:00Z
43922,ARG,416081,Julian ALVAREZ,9,Forward,2000-01-31T00:00:00Z
43922,ARG,229397,Lionel MESSI,10,Forward,1987-06-24T00:00:00Z
43922,ARG,395414,Giovani Lo Celso,11,Midfielder,1996-04-09T00:00:00Z
43922,ARG,394824,Geronimo RULLI,12,Goalkeeper,1992-05-20T00:00:00Z
43922,ARG,431196,Cristian ROMERO,13,Defender,1998-04-27T00:00:00Z
43922,ARG,389485,Exequiel PALACIOS,14,Midfielder,1998-10-05T00:00:00Z
43922,ARG,430631,Nico GONZALEZ,15,Midfielder,1998-04-06T00:00:00Z
43922,ARG,418975,Thiago ALMADA,16,Forward,2001-04-26T00:00:00Z
43922,ARG,485595,Giuliano SIMEONE,17,Forward,2002-12-18T00:00:00Z
43922,ARG,441422,Nico PAZ,18,Forward,2004-09-08T00:00:00Z
43922,ARG,310116,Nicolas OTAMENDI,19,Defender,1988-02-12T00:00:00Z
43922,ARG,430628,Alexis MAC ALLISTER,20,Midfielder,1998-12-24T00:00:00Z
43922,ARG,495054,Jose Manuel LOPEZ,21,Forward,2000-12-06T00:00:00Z
43922,ARG,402920,Lautaro MARTINEZ,22,Forward,1997-08-22T00:00:00Z
43922,ARG,308300,Emiliano MARTINEZ,23,Goalkeeper,1992-09-02T00:00:00Z
43922,ARG,448252,Enzo FERNANDEZ,24,Midfielder,2001-01-17T00:00:00Z
43922,ARG,418963,Facundo MEDINA,25,Defender,1999-05-28T00:00:00Z
43922,ARG,402925,Nahuel MOLINA,26,Defender,1998-04-06T00:00:00Z
43819,JPN,405530,Zion Suzuki,1,Goalkeeper,2002-08-21T00:00:00Z
43819,JPN,405528,Yukinari Sugawara,2,Defender,2000-06-28T00:00:00Z
43819,JPN,390541,Shogo TANIGUCHI,3,Defender,1991-07-15T00:00:00Z
43819,JPN,400511,Kou ITAKURA,4,Defender,1997-01-27T00:00:00Z
43819,JPN,291372,Yuto NAGATOMO,5,Defender,1986-09-12T00:00:00Z
43819,JPN,448569,Shuto MACHINO,6,Forward,1999-09-30T00:00:00Z
43819,JPN,400514,Ao TANAKA,7,Midfielder,1998-09-10T00:00:00Z
43819,JPN,403304,Takefusa KUBO,8,Midfielder,2001-06-04T00:00:00Z
43819,JPN,464339,Keisuke GOTO,9,Forward,2005-06-03T00:00:00Z
43819,JPN,391646,Ritsu DOAN,10,Midfielder,1998-06-16T00:00:00Z
43819,JPN,430407,Daizen MAEDA,11,Midfielder,1997-10-20T00:00:00Z
43819,JPN,403305,Keisuke OSAKO,12,Goalkeeper,1999-07-28T00:00:00Z
43819,JPN,405522,Keito Nakamura,13,Midfielder,2000-07-28T00:00:00Z
43819,JPN,395321,Junya ITO,14,Midfielder,1993-03-09T00:00:00Z
43819,JPN,448557,Daichi KAMADA,15,Midfielder,1996-08-05T00:00:00Z
43819,JPN,430401,Tsuyoshi Watanabe,16,Defender,1997-02-05T00:00:00Z
43819,JPN,485503,Yuito SUZUKI,17,Midfielder,2001-10-25T00:00:00Z
43819,JPN,430413,Ayase UEDA,18,Forward,1998-08-28T00:00:00Z
43819,JPN,403293,Koki OGAWA,19,Forward,1997-08-08T00:00:00Z
43819,JPN,405527,Ayumu SEKO,20,Defender,2000-06-07T00:00:00Z
43819,JPN,403274,Hiroki ITO,21,Defender,1999-05-12T00:00:00Z
43819,JPN,403289,Takehiro TOMIYASU,22,Defender,1998-11-05T00:00:00Z
43819,JPN,511710,Tomoki HAYAKAWA,23,Goalkeeper,1999-03-03T00:00:00Z
43819,JPN,479294,Kaishu SANO,24,Midfielder,2000-12-30T00:00:00Z
43819,JPN,498455,Junnosuke SUZUKI,25,Defender,2003-07-12T00:00:00Z
43819,JPN,520218,Kento SHIOGAI,26,Forward,2005-03-26T00:00:00Z
43817,IRN,380007,Alireza BEIRANVAND,1,Goalkeeper,1992-09-21T00:00:00Z
43817,IRN,448505,Saleh HARDANI,2,Defender,1998-12-26T00:00:00Z
43817,IRN,288961,Ehsan HAJISAFI,3,Defender,1990-02-25T00:00:00Z
43817,IRN,346743,Shoja KHALILZADEH,4,Defender,1989-05-14T00:00:00Z
43817,IRN,390537,Milad MOHAMMADI,5,Defender,1993-09-29T00:00:00Z
43817,IRN,371736,Saeid EZATOLAHI,6,Midfielder,1996-10-01T00:00:00Z
43817,IRN,379886,Alireza JAHANBAKHSH,7,Midfielder,1993-08-11T00:00:00Z
43817,IRN,448497,Mohammad MOHEBBI,8,Midfielder,1998-12-20T00:00:00Z
43817,IRN,388475,Mehdi TAREMI,9,Forward,1992-07-18T00:00:00Z
43817,IRN,403236,Mehdi GHAYEDI,10,Forward,1998-12-05T00:00:00Z
43817,IRN,416989,Ali Alipour,11,Forward,1995-11-11T00:00:00Z
43817,IRN,448507,Payam NIAZMAND,12,Goalkeeper,1995-04-06T00:00:00Z
43817,IRN,390534,Hossein KANANI,13,Defender,1994-03-23T00:00:00Z
43817,IRN,411644,Saman GHODDOS,14,Midfielder,1993-09-06T00:00:00Z
43817,IRN,406595,Roozbeh CHESHMI,15,Midfielder,1993-07-24T00:00:00Z
43817,IRN,390535,Mehdi TORABI,16,Midfielder,1994-09-10T00:00:00Z
43817,IRN,481181,Arya YOUSEFI,17,Defender,2002-04-22T00:00:00Z
43817,IRN,405639,Amirhossein Hosseinzadeh,18,Forward,2000-10-30T00:00:00Z
43817,IRN,489603,Ali NEMATI,19,Defender,1996-02-08T00:00:00Z
43817,IRN,481180,Shahriyar MOGHANLOO,20,Forward,1994-12-21T00:00:00Z
43817,IRN,482670,Mohammad GHORBANI,21,Midfielder,2001-10-07T00:00:00Z
43817,IRN,314255,Hossein HOSSEINI,22,Goalkeeper,1992-06-30T00:00:00Z
43817,IRN,384797,Ramin REZAEIAN,23,Defender,1990-03-21T00:00:00Z
43817,IRN,519837,Dennis DARGAHI,24,Forward,1997-01-09T00:00:00Z
43817,IRN,494429,Danial IRI,25,Defender,2003-10-26T00:00:00Z
43817,IRN,475921,Amirmohammad RAZAGHINIA,26,Midfielder,2006-04-11T00:00:00Z
43978,NZL,368535,Max CROCOMBE,1,Goalkeeper,1993-08-12T00:00:00Z
43978,NZL,331463,Tim PAYNE,2,Defender,1994-01-10T00:00:00Z
43978,NZL,440748,Francis DE VRIES,3,Defender,1994-11-28T00:00:00Z
43978,NZL,482775,Tyler BINDON,4,Defender,2005-01-27T00:00:00Z
43978,NZL,261367,Michael BOXALL,5,Defender,1988-08-18T00:00:00Z
43978,NZL,390181,Joe BELL,6,Midfielder,1999-04-27T00:00:00Z
43978,NZL,423596,Matthew GARBETT,7,Midfielder,2002-04-13T00:00:00Z
43978,NZL,423595,Marko STAMENIC,8,Midfielder,2002-02-19T00:00:00Z
43978,NZL,274078,Chris WOOD,9,Forward,1991-12-07T00:00:00Z
43978,NZL,390209,Sarpreet SINGH,10,Midfielder,1999-02-20T00:00:00Z
43978,NZL,405454,Elijah JUST,11,Midfielder,2000-05-01T00:00:00Z
43978,NZL,423574,Alex PAULSEN,12,Goalkeeper,2002-07-04T00:00:00Z
43978,NZL,405469,Liberato CACACE,13,Defender,2000-09-27T00:00:00Z
43978,NZL,371142,Alex RUFER,14,Midfielder,1996-06-12T00:00:00Z
43978,NZL,419572,Nando PIJNAKER,15,Defender,1999-02-25T00:00:00Z
43978,NZL,463580,Finn SURMAN,16,Defender,2003-09-23T00:00:00Z
43978,NZL,269592,Kosta BARBAROUSES,17,Forward,1990-02-19T00:00:00Z
43978,NZL,419577,Ben WAINE,18,Forward,2001-06-11T00:00:00Z
43978,NZL,423575,Ben OLD,19,Midfielder,2002-08-13T00:00:00Z
43978,NZL,390196,Callum McCOWATT,20,Midfielder,1999-04-30T00:00:00Z
43978,NZL,416652,Jesse RANDALL,21,Forward,2002-08-19T00:00:00Z
43978,NZL,390218,Michael WOUD,22,Goalkeeper,1999-01-16T00:00:00Z
43978,NZL,336641,Ryan THOMAS,23,Midfielder,1994-12-20T00:00:00Z
43978,NZL,419567,Callan ELLIOT,24,Defender,1999-07-07T00:00:00Z
43978,NZL,484817,Lachlan BAYLISS,25,Midfielder,2002-07-24T00:00:00Z
43978,NZL,274102,Tommy SMITH,26,Defender,1990-03-31T00:00:00Z
43938,CRO,369029,Dominik LIVAKOVIC,1,Goalkeeper,1995-01-09T00:00:00Z
43938,CRO,433667,Josip STANISIC,2,Defender,2000-04-02T00:00:00Z
43938,CRO,448174,Marin PONGRACIC,3,Defender,1997-09-11T00:00:00Z
43938,CRO,448180,Josko GVARDIOL,4,Defender,2002-01-23T00:00:00Z
43938,CRO,372424,Duje CALETA-CAR,5,Defender,1996-09-17T00:00:00Z
43938,CRO,448171,Josip SUTALO,6,Defender,2000-02-28T00:00:00Z
43938,CRO,389753,Nikola Moro,7,Midfielder,1998-03-12T00:00:00Z
43938,CRO,339987,Mateo KOVACIC,8,Midfielder,1994-05-06T00:00:00Z
43938,CRO,336472,Andrej KRAMARIC,9,Forward,1991-06-19T00:00:00Z
43938,CRO,241559,Luka MODRIC,10,Midfielder,1985-09-09T00:00:00Z
43938,CRO,430070,Ante BUDIMIR,11,Forward,1991-07-22T00:00:00Z
43938,CRO,514526,Ivor PANDUR,12,Goalkeeper,2000-03-25T00:00:00Z
43938,CRO,409191,Nikola VLASIC,13,Midfielder,1997-10-04T00:00:00Z
43938,CRO,359381,Ivan PERISIC,14,Forward,1989-02-02T00:00:00Z
43938,CRO,380005,Mario PASALIC,15,Midfielder,1995-02-09T00:00:00Z
43938,CRO,482774,Martin BATURINA,16,Midfielder,2003-02-16T00:00:00Z
43938,CRO,485066,Petar SUCIC,17,Midfielder,2003-10-25T00:00:00Z
43938,CRO,448164,Kristijan JAKIC,18,Defender,1997-05-14T00:00:00Z
43938,CRO,485065,Toni FRUK,19,Midfielder,2001-03-09T00:00:00Z
43938,CRO,485068,Igor MATANOVIC,20,Forward,2003-03-31T00:00:00Z
43938,CRO,448160,Luka SUCIC,21,Midfielder,2002-09-08T00:00:00Z
43938,CRO,499290,Luka VUSKOVIC,22,Defender,2007-02-24T00:00:00Z
43938,CRO,448179,Dominik KOTARSKI,23,Goalkeeper,2000-02-10T00:00:00Z
43938,CRO,482931,Marco PASALIC,24,Forward,2000-09-14T00:00:00Z
43938,CRO,389740,Martin ERLIC,25,Defender,1998-01-24T00:00:00Z
43938,CRO,389754,Petar Musa,26,Forward,1998-03-04T00:00:00Z
43820,JOR,397894,YAZEED ABULAILA,1,Goalkeeper,1993-01-08T00:00:00Z
43820,JOR,433526,MOHAMMAD ABUHASHEESH,2,Defender,1995-05-09T00:00:00Z
43820,JOR,433527,ABDALLAH NASIB,3,Defender,1994-02-25T00:00:00Z
43820,JOR,489550,HUSAM ABUDAHAB,4,Defender,2000-05-13T00:00:00Z
43820,JOR,431225,YAZAN ALARAB,5,Defender,1996-01-31T00:00:00Z
43820,JOR,491167,AMER JAMOUS,6,Midfielder,2002-07-03T00:00:00Z
43820,JOR,431208,MOHAMMAD ABUZRAIQ,7,Forward,1997-12-30T00:00:00Z
43820,JOR,431230,NOOR ALRAWABDEH,8,Midfielder,1997-02-24T00:00:00Z
43820,JOR,431212,ALI OLWAN,9,Forward,2000-03-26T00:00:00Z
43820,JOR,431211,MOUSA ALTAMARI,10,Forward,1997-06-10T00:00:00Z
43820,JOR,511875,ODEH FAKHOURY,11,Forward,2005-11-22T00:00:00Z
43820,JOR,483127,NOUR BANIATEYAH,12,Goalkeeper,1993-01-25T00:00:00Z
43820,JOR,396950,MAHMOUD ALMARDI,13,Forward,1993-10-06T00:00:00Z
43820,JOR,384850,RAJAEI AYED,14,Midfielder,1993-07-25T00:00:00Z
43820,JOR,431209,IBRAHIM SADEH,15,Midfielder,2000-04-27T00:00:00Z
43820,JOR,489551,MOHAMMAD ABUALNADI,16,Defender,2001-02-08T00:00:00Z
43820,JOR,499102,SALEEM OBAID,17,Defender,1992-01-17T00:00:00Z
43820,JOR,520068,MOHAMMAD ABUGHOUSH,18,Midfielder,2005-07-13T00:00:00Z
43820,JOR,431219,SAED ALROSAN,19,Defender,1997-02-01T00:00:00Z
43820,JOR,479389,MOHANNAD ABUTAHA,20,Midfielder,2003-02-02T00:00:00Z
43820,JOR,433534,NIZAR ALRASHDAN,21,Midfielder,1999-03-23T00:00:00Z
43820,JOR,431223,ABDALLAH ALFAKHORI,22,Goalkeeper,2000-01-22T00:00:00Z
43820,JOR,389437,EHSAN HADDAD,23,Defender,1994-02-05T00:00:00Z
43820,JOR,498514,ALI AZAIZEH,24,Forward,2004-04-13T00:00:00Z
43820,JOR,45191,MOHAMMAD ALDAOUD,25,Midfielder,1992-04-12T00:00:00Z
43820,JOR,511889,ANAS BADAWI,26,Defender,1997-09-13T00:00:00Z
43822,KOR,274281,KIM Seunggyu,1,Goalkeeper,1990-09-30T00:00:00Z
43822,KOR,423874,LEE Hanbeom,2,Defender,2002-06-17T00:00:00Z
43822,KOR,492315,LEE Gihyuk,3,Midfielder,2000-07-07T00:00:00Z
43822,KOR,395088,KIM Minjae,4,Defender,1996-11-15T00:00:00Z
43822,KOR,418485,KIM Taehyeon,5,Defender,2000-09-17T00:00:00Z
43822,KOR,395084,HWANG Inbeom,6,Midfielder,1996-09-20T00:00:00Z
43822,KOR,307849,SON Heungmin,7,Forward,1992-07-08T00:00:00Z
43822,KOR,402817,PAIK Seungho,8,Midfielder,1997-03-17T00:00:00Z
43822,KOR,430387,CHO Guesung,9,Forward,1998-01-25T00:00:00Z
43822,KOR,390525,LEE Jaesung,10,Midfielder,1992-08-10T00:00:00Z
43822,KOR,395083,HWANG Heechan,11,Midfielder,1996-01-26T00:00:00Z
43822,KOR,402820,SONG Bumkeun,12,Goalkeeper,1997-10-15T00:00:00Z
43822,KOR,423880,LEE Taeseok,13,Defender,2002-07-28T00:00:00Z
43822,KOR,522282,CHO Wije,14,Defender,2001-08-25T00:00:00Z
43822,KOR,448580,KIM Moonhwan ,15,Defender,1995-08-01T00:00:00Z
43822,KOR,479316,PARK Jinseob,16,Defender,1995-10-23T00:00:00Z
43822,KOR,464374,BAE Junho,17,Midfielder,2003-08-21T00:00:00Z
43822,KOR,448586,OH Hyeongyu,18,Forward,2001-04-12T00:00:00Z
43822,KOR,418490,LEE Kangin,19,Midfielder,2001-02-19T00:00:00Z
43822,KOR,448585,YANG Hyunjun ,20,Midfielder,2002-05-25T00:00:00Z
43822,KOR,397753,JO Hyeonwoo,21,Goalkeeper,1991-09-25T00:00:00Z
43822,KOR,429608,SEOL Youngwoo,22,Defender,1998-12-05T00:00:00Z
43822,KOR,511828,CASTROP Jens,23,Defender,2003-07-29T00:00:00Z
43822,KOR,430385,KIM Jingyu,24,Midfielder,1997-02-24T00:00:00Z
43822,KOR,423855,EOM Jisung,25,Midfielder,2002-05-09T00:00:00Z
43822,KOR,429600,LEE Donggyeong,26,Midfielder,1997-09-20T00:00:00Z
43860,GHA,386473,Lawrence Ati ZIGI,1,Goalkeeper,1996-11-29T00:00:00Z
43860,GHA,448522,Alidu SEIDU,2,Defender,2000-06-04T00:00:00Z
43860,GHA,506279,Caleb YIRENKYI,3,Midfielder,2006-01-15T00:00:00Z
43860,GHA,494351,Jonas ADJETEY,4,Defender,2003-12-13T00:00:00Z
43860,GHA,369089,Thomas PARTEY,5,Midfielder,1993-06-13T00:00:00Z
43860,GHA,441336,Abdul MUMIN,6,Defender,1998-06-06T00:00:00Z
43860,GHA,441342,Abdul FATAWU,7,Forward,2004-03-08T00:00:00Z
43860,GHA,507253,Kwasi SIBO,8,Midfielder,1998-06-24T00:00:00Z
43860,GHA,353235,Jordan AYEW,9,Forward,1991-09-11T00:00:00Z
43860,GHA,486213,Brandon THOMAS-ASANTE,10,Forward,1998-12-29T00:00:00Z
43860,GHA,448531,Antoine SEMENYO,11,Midfielder,2000-01-07T00:00:00Z
43860,GHA,506277,Joseph ANANG,12,Goalkeeper,2000-06-08T00:00:00Z
43860,GHA,494350,Christopher Bonsu BAAH,13,Forward,2004-12-14T00:00:00Z
43860,GHA,441333,Gideon MENSAH,14,Defender,1998-07-18T00:00:00Z
43860,GHA,441341,Elisha OWUSU,15,Midfielder,1997-11-07T00:00:00Z
43860,GHA,494349,Benjamin ASARE,16,Goalkeeper,1992-07-13T00:00:00Z
43860,GHA,367536,Baba RAHMAN,17,Defender,1994-07-02T00:00:00Z
43860,GHA,486150,Jerome OPOKU,18,Defender,1998-10-14T00:00:00Z
43860,GHA,411376,Inaki WILLIAMS,19,Forward,1994-06-15T00:00:00Z
43860,GHA,523173,Augustine BOAKYE,20,Midfielder,2000-11-03T00:00:00Z
43860,GHA,511022,Kojo Peprah OPPONG,21,Defender,2004-06-04T00:00:00Z
43860,GHA,448523,Kamaldeen SULEMANA,22,Forward,2002-02-15T00:00:00Z
43860,GHA,520037,Derrick LUCKASSEN,23,Defender,1995-07-03T00:00:00Z
43860,GHA,448525,Ernest NUAMAH,24,Forward,2003-11-01T00:00:00Z
43860,GHA,514401,Prince ADU,25,Forward,2003-09-23T00:00:00Z
43860,GHA,520039,Marvin SENAYA,26,Defender,2001-01-28T00:00:00Z
43926,COL,228686,David OSPINA,1,Goalkeeper,1988-08-31T00:00:00Z
43926,COL,431200,Daniel MUNOZ,2,Defender,1996-05-26T00:00:00Z
43926,COL,441622,Jhon LUCUMI,3,Defender,1998-06-26T00:00:00Z
43926,COL,315614,Santiago ARIAS,4,Defender,1992-01-13T00:00:00Z
43926,COL,470759,Kevin CASTANO,5,Midfielder,2000-09-29T00:00:00Z
43926,COL,473050,Richard RIOS,6,Midfielder,2000-06-02T00:00:00Z
43926,COL,428886,Luis DIAZ,7,Forward,1997-01-13T00:00:00Z
43926,COL,425580,Jorge CARRASCAL,8,Midfielder,1998-05-25T00:00:00Z
43926,COL,369530,Jhon CORDOBA,9,Forward,1993-05-11T00:00:00Z
43926,COL,269058,James RODRIGUEZ,10,Midfielder,1991-07-12T00:00:00Z
43926,COL,470760,Jhon ARIAS,11,Midfielder,1997-09-21T00:00:00Z
43926,COL,360642,Camilo VARGAS,12,Goalkeeper,1989-03-09T00:00:00Z
43926,COL,395552,Yerry MINA,13,Defender,1994-09-23T00:00:00Z
43926,COL,463902,Gustavo PUERTA,14,Defender,2003-07-23T00:00:00Z
43926,COL,489849,Juan PORTILLA,15,Midfielder,1998-09-12T00:00:00Z
43926,COL,395550,Jefferson LERMA,16,Midfielder,1994-10-25T00:00:00Z
43926,COL,394500,Johan MOJICA,17,Defender,1992-08-21T00:00:00Z
43926,COL,476345,Willer DITTA,18,Defender,1998-01-23T00:00:00Z
43926,COL,418881,Cucho HERNANDEZ,19,Forward,1999-04-20T00:00:00Z
43926,COL,356704,Juan QUINTERO,20,Midfielder,1993-01-18T00:00:00Z
43926,COL,405755,Jaminton CAMPAZ,21,Forward,2000-05-24T00:00:00Z
43926,COL,394376,Deiver MACHADO,22,Defender,1993-09-02T00:00:00Z
43926,COL,386013,Davinson SANCHEZ,23,Defender,1996-06-12T00:00:00Z
43926,COL,385998,Alvaro MONTERO,24,Goalkeeper,1995-03-29T00:00:00Z
43926,COL,428905,Luis SUAREZ,25,Forward,1997-12-02T00:00:00Z
43926,COL,492189,Andres GOMEZ,26,Forward,2002-09-12T00:00:00Z
43908,HAI,295922,Johny Placide,1,Goalkeeper,1988-01-29T00:00:00Z
43908,HAI,397775,Carlens ARCUS,2,Defender,1996-06-28T00:00:00Z
43908,HAI,506481,Keeto THERMONCY,3,Defender,2006-03-29T00:00:00Z
43908,HAI,275917,Ricardo Ade,4,Defender,1990-05-21T00:00:00Z
43908,HAI,448363,Hannes DELCROIX,5,Defender,1999-02-28T00:00:00Z
43908,HAI,424556,Carl SAINTE,6,Midfielder,2002-08-09T00:00:00Z
43908,HAI,466865,Derrick ETIENNE,7,Forward,1996-11-25T00:00:00Z
43908,HAI,489300,Martin EXPERIENCE,8,Defender,1999-03-09T00:00:00Z
43908,HAI,394993,Duckens NAZON,9,Forward,1994-04-07T00:00:00Z
43908,HAI,430697,Jean-Ricner Bellegarde,10,Midfielder,1998-06-27T00:00:00Z
43908,HAI,481027,Louicius DEEDSON,11,Forward,2001-02-11T00:00:00Z
43908,HAI,466835,Alexandre PIERRE,12,Goalkeeper,2001-02-25T00:00:00Z
43908,HAI,466844,Markhus LACROIX,13,Defender,1993-10-14T00:00:00Z
43908,HAI,466862,Garven METUSALA,14,Defender,1999-12-31T00:00:00Z
43908,HAI,485664,Ruben PROVIDENCE,15,Forward,2001-07-07T00:00:00Z
43908,HAI,485676,Lenny JOSEPH,16,Forward,2000-10-12T00:00:00Z
43908,HAI,466838,Danley JEAN JACQUES,17,Midfielder,2000-05-20T00:00:00Z
43908,HAI,405879,Wilson Isidor,18,Forward,2000-08-27T00:00:00Z
43908,HAI,506483,Yassin FORTUNE,19,Forward,1999-01-30T00:00:00Z
43908,HAI,431693,Frantzdy Pierrot,20,Forward,1995-03-29T00:00:00Z
43908,HAI,510757,Josue CASIMIR,21,Forward,2001-09-24T00:00:00Z
43908,HAI,431781,Jean-Kevin DUVERNE,22,Defender,1997-07-12T00:00:00Z
43908,HAI,466853,Josue DUVERGER,23,Goalkeeper,2000-04-27T00:00:00Z
43908,HAI,498439,Wilguens PAUGAIN,24,Defender,2001-08-24T00:00:00Z
43908,HAI,523215,Dominique SIMON,25,Midfielder,2000-07-29T00:00:00Z
43908,HAI,485409,Woodensky PIERRE,26,Midfielder,2004-12-30T00:00:00Z
43942,ENG,336022,Jordan PICKFORD,1,Goalkeeper,1994-03-07T00:00:00Z
43942,ENG,403049,Ezri KONSA,2,Defender,1997-10-23T00:00:00Z
43942,ENG,463780,Nico OREILLY,3,Defender,2005-03-21T00:00:00Z
43942,ENG,433097,Declan RICE,4,Midfielder,1999-01-14T00:00:00Z
43942,ENG,369434,John STONES,5,Defender,1994-05-28T00:00:00Z
43942,ENG,405841,Marc GUEHI,6,Defender,2000-07-13T00:00:00Z
43942,ENG,448196,Bukayo SAKA,7,Forward,2001-09-05T00:00:00Z
43942,ENG,481610,Elliot ANDERSON,8,Midfielder,2002-11-06T00:00:00Z
43942,ENG,369419,Harry KANE,9,Forward,1993-07-28T00:00:00Z
43942,ENG,448202,Jude BELLINGHAM,10,Midfielder,2003-06-29T00:00:00Z
43942,ENG,401470,Marcus RASHFORD,11,Forward,1997-10-31T00:00:00Z
43942,ENG,489731,Tino LIVRAMENTO,12,Defender,2002-11-12T00:00:00Z
43942,ENG,403046,Dean Henderson,13,Goalkeeper,1997-03-12T00:00:00Z
43942,ENG,356189,Jordan HENDERSON,14,Midfielder,1990-06-17T00:00:00Z
43942,ENG,494345,Dan BURN,15,Defender,1992-05-09T00:00:00Z
43942,ENG,482621,Kobbie MAINOO,16,Midfielder,2005-04-19T00:00:00Z
43942,ENG,492716,Morgan ROGERS,17,Midfielder,2002-07-26T00:00:00Z
43942,ENG,448189,Anthony GORDON,18,Forward,2001-02-24T00:00:00Z
43942,ENG,448203,Ollie WATKINS,19,Forward,1995-12-30T00:00:00Z
43942,ENG,489732,Noni MADUEKE,20,Forward,2002-03-10T00:00:00Z
43942,ENG,473113,Eberechi EZE,21,Midfielder,1998-06-29T00:00:00Z
43942,ENG,448198,Ivan TONEY,22,Forward,1996-03-16T00:00:00Z
43942,ENG,485080,James TRAFFORD,23,Goalkeeper,2002-10-10T00:00:00Z
43942,ENG,439641,Reece JAMES,24,Defender,1999-12-08T00:00:00Z
43942,ENG,506329,Djed SPENCE,25,Defender,2000-08-09T00:00:00Z
43942,ENG,463809,Jarell QUANSAH,26,Defender,2003-01-29T00:00:00Z
1895293,CUW,390650,Eloy ROOM,1,Goalkeeper,1989-02-06T00:00:00Z
1895293,CUW,485379,Shurandy SAMBO,2,Defender,2001-08-19T00:00:00Z
1895293,CUW,431698,Jurien GAARI,3,Defender,1993-12-23T00:00:00Z
1895293,CUW,466361,Roshon VAN EIJMA,4,Defender,1998-06-09T00:00:00Z
1895293,CUW,466350,Sherel FLORANUS,5,Defender,1998-08-23T00:00:00Z
1895293,CUW,466359,Godfried ROEMERATOE,6,Midfielder,1999-08-19T00:00:00Z
1895293,CUW,466317,Juninho BACUNA,7,Midfielder,1997-08-07T00:00:00Z
1895293,CUW,494989,Livano COMENENCIA,8,Midfielder,2004-02-03T00:00:00Z
1895293,CUW,407680,Juergen LOCADIA,9,Forward,1993-11-07T00:00:00Z
1895293,CUW,466340,Leandro BACUNA,10,Midfielder,1991-08-21T00:00:00Z
1895293,CUW,424047,Jeremy Antonisse,11,Forward,2002-03-29T00:00:00Z
1895293,CUW,424056,Sontje HANSEN,12,Forward,2002-05-18T00:00:00Z
1895293,CUW,506473,Tyrese NOSLIN,13,Forward,2002-09-11T00:00:00Z
1895293,CUW,466352,Kenji GORRE,14,Forward,1994-09-29T00:00:00Z
1895293,CUW,485324,Arjany MARTHA,15,Midfielder,2003-09-04T00:00:00Z
1895293,CUW,466363,Jearl MARGARITHA,16,Forward,2000-04-10T00:00:00Z
1895293,CUW,466346,Brandley KUWAS,17,Forward,1992-09-19T00:00:00Z
1895293,CUW,511141,Armando OBISPO,18,Defender,1999-03-05T00:00:00Z
1895293,CUW,466372,Gervane KASTANEER,19,Forward,1996-06-09T00:00:00Z
1895293,CUW,401023,Joshua BRENET,20,Defender,1994-03-20T00:00:00Z
1895293,CUW,485347,Tahith CHONG,21,Midfielder,1999-12-04T00:00:00Z
1895293,CUW,466365,Kevin FELIDA,22,Midfielder,1999-11-11T00:00:00Z
1895293,CUW,398569,Riechedly Bazoer,23,Defender,1996-10-12T00:00:00Z
1895293,CUW,506471,Deveron FONVILLE,24,Defender,2003-05-16T00:00:00Z
1895293,CUW,466370,Tyrick BODAK,25,Goalkeeper,2002-05-15T00:00:00Z
1895293,CUW,466382,Trevor DOORNBUSCH,26,Goalkeeper,1999-07-06T00:00:00Z
43976,AUS,339117,Mathew RYAN,1,Goalkeeper,1992-04-08T00:00:00Z
43976,AUS,331149,Milos DEGENEK,2,Defender,1994-04-28T00:00:00Z
43976,AUS,448014,Alessandro CIRCATI,3,Defender,2003-10-10T00:00:00Z
43976,AUS,430450,Jacob ITALIANO,4,Defender,2001-07-30T00:00:00Z
43976,AUS,423522,Jordan BOS,5,Defender,2002-10-29T00:00:00Z
43976,AUS,339112,Jason GERIA,6,Defender,1993-05-10T00:00:00Z
43976,AUS,321697,Mathew LECKIE,7,Forward,1991-02-04T00:00:00Z
43976,AUS,430452,Connor METCALFE,8,Midfielder,1999-11-05T00:00:00Z
43976,AUS,498806,Mohamed TOURE,9,Forward,2004-03-26T00:00:00Z
43976,AUS,404319,Ajdin HRUSTIC,10,Forward,1996-07-05T00:00:00Z
43976,AUS,406606,Awer MABIL,11,Forward,1995-09-15T00:00:00Z
43976,AUS,331135,Paul Izzo,12,Goalkeeper,1995-01-06T00:00:00Z
43976,AUS,430440,Aiden ONEILL,13,Midfielder,1998-07-04T00:00:00Z
43976,AUS,430437,Cameron DEVLIN,14,Midfielder,1998-06-07T00:00:00Z
43976,AUS,494411,Kai TREWIN,15,Defender,2001-05-18T00:00:00Z
43976,AUS,349342,Aziz BEHICH,16,Defender,1990-12-16T00:00:00Z
43976,AUS,486306,Nestory IRANKUNDA,17,Forward,2006-02-09T00:00:00Z
43976,AUS,494557,Patrick BEACH,18,Goalkeeper,2003-08-06T00:00:00Z
43976,AUS,430442,Harry SOUTTAR,19,Defender,1998-10-22T00:00:00Z
43976,AUS,448015,Cristian VOLPATO,20,Forward,2003-11-15T00:00:00Z
43976,AUS,382312,Cameron BURGESS,21,Defender,1995-10-21T00:00:00Z
43976,AUS,355775,Jackson IRVINE,22,Midfielder,1993-03-07T00:00:00Z
43976,AUS,491166,Nishan VELUPILLAY,23,Forward,2001-05-07T00:00:00Z
43976,AUS,498421,Paul OKON-ENGSTLER,24,Midfielder,2005-01-24T00:00:00Z
43976,AUS,504931,Lucas HERRINGTON,25,Defender,2007-09-05T00:00:00Z
43976,AUS,518200,Tete YENGI,26,Forward,2000-11-28T00:00:00Z
43843,ALG,520070,Melvin MASTIL,1,Goalkeeper,2000-02-19T00:00:00Z
43843,ALG,376285,Aissa MANDI,2,Defender,1991-10-22T00:00:00Z
43843,ALG,512127,Achref ABADA,3,Defender,1999-06-15T00:00:00Z
43843,ALG,433600,Mohamed Amine TOUGAI,4,Defender,2000-01-22T00:00:00Z
43843,ALG,480983,Zineddine BELAID,5,Defender,1999-03-20T00:00:00Z
43843,ALG,433679,Ramiz ZERROUKI,6,Midfielder,1998-05-26T00:00:00Z
43843,ALG,379942,Riyad Mahrez,7,Forward,1991-02-21T00:00:00Z
43843,ALG,430698,Houssem Aouar,8,Midfielder,1998-06-30T00:00:00Z
43843,ALG,405877,Amine GOUIRI,9,Forward,2000-02-16T00:00:00Z
43843,ALG,477795,Fares CHAIBI,10,Midfielder,2002-11-28T00:00:00Z
43843,ALG,482874,Anis HADJ MOUSSA,11,Forward,2002-02-11T00:00:00Z
43843,ALG,520071,Nadhir BENBOUALI,12,Forward,2000-04-17T00:00:00Z
43843,ALG,482869,Jaouen HADJAM,13,Defender,2003-03-26T00:00:00Z
43843,ALG,441350,Hicham BOUDAOUI,14,Midfielder,1999-09-23T00:00:00Z
43843,ALG,431858,Rayan AIT-NOURI,15,Defender,2001-06-06T00:00:00Z
43843,ALG,477817,Oussama BENBOT,16,Goalkeeper,1994-10-11T00:00:00Z
43843,ALG,511009,Rafik BELGHALI,17,Defender,2002-06-07T00:00:00Z
43843,ALG,477790,Mohamed AMOURA,18,Forward,2000-05-09T00:00:00Z
43843,ALG,379939,Nabil Bentaleb,19,Midfielder,1994-11-24T00:00:00Z
43843,ALG,512132,Adil BOULBINA,20,Forward,2003-05-02T00:00:00Z
43843,ALG,395113,Ramy BENSEBAINI,21,Defender,1995-04-16T00:00:00Z
43843,ALG,494291,Ibrahim MAZA,22,Midfielder,2005-11-24T00:00:00Z
43843,ALG,389879,Luca ZIDANE,23,Goalkeeper,1998-05-13T00:00:00Z
43843,ALG,433631,Yassine TITRAOUI,24,Midfielder,2003-07-26T00:00:00Z
43843,ALG,520072,Fares GHEDJEMIS,25,Forward,2002-09-06T00:00:00Z
43843,ALG,511010,Samir CHERGUI,26,Defender,1999-02-06T00:00:00Z
43914,PAN,267702,Luis MEJIA,1,Goalkeeper,1991-03-16T00:00:00Z
43914,PAN,441242,Cesar BLACKMAN,2,Defender,1998-04-02T00:00:00Z
43914,PAN,418715,Jose CORDOBA,3,Defender,2001-06-03T00:00:00Z
43914,PAN,385030,Fidel ESCOBAR,4,Defender,1995-01-09T00:00:00Z
43914,PAN,480313,Edgardo FARINA,5,Defender,2001-10-19T00:00:00Z
43914,PAN,395581,Cristian MARTINEZ,6,Midfielder,1997-02-06T00:00:00Z
43914,PAN,411176,Jose Luis RODRIGUEZ,7,Midfielder,1998-06-19T00:00:00Z
43914,PAN,385833,Adalberto CARRASQUILLA,8,Midfielder,1998-11-28T00:00:00Z
43914,PAN,418747,Tomas RODRIGUEZ,9,Forward,1999-03-09T00:00:00Z
43914,PAN,372342,Ismael DIAZ,10,Midfielder,1997-05-12T00:00:00Z
43914,PAN,400416,Edgar Yoel BARCENAS,11,Midfielder,1993-10-23T00:00:00Z
43914,PAN,441402,Cesar SAMUDIO,12,Goalkeeper,1994-02-23T00:00:00Z
43914,PAN,480310,Jiovany RAMOS,13,Defender,1997-01-26T00:00:00Z
43914,PAN,418729,Carlos HARVEY,14,Defender,2000-02-03T00:00:00Z
43914,PAN,337232,Eric DAVIS,15,Defender,1991-03-31T00:00:00Z
43914,PAN,441240,Andres ANDRADE,16,Defender,1998-10-16T00:00:00Z
43914,PAN,411174,Jose FAJARDO,17,Forward,1993-08-18T00:00:00Z
43914,PAN,337251,Cecilio Waterman,18,Forward,1991-04-13T00:00:00Z
43914,PAN,271116,Alberto QUINTERO,19,Midfielder,1987-12-18T00:00:00Z
43914,PAN,269514,Anibal GODOY,20,Midfielder,1990-02-10T00:00:00Z
43914,PAN,441243,Cesar YANIS,21,Midfielder,1996-01-28T00:00:00Z
43914,PAN,441241,Orlando MOSQUERA,22,Goalkeeper,1994-12-25T00:00:00Z
43914,PAN,385031,Amir MURILLO,23,Defender,1996-02-11T00:00:00Z
43914,PAN,466669,Azarias LONDONO,24,Forward,2001-06-21T00:00:00Z
43914,PAN,344582,Roderick MILLER,25,Defender,1992-04-03T00:00:00Z
43914,PAN,441239,Jorge GUTIERREZ,26,Defender,1998-09-01T00:00:00Z
43924,BRA,308370,ALISSON,1,Goalkeeper,1992-10-02T00:00:00Z
43924,BRA,485069,EDERSON SILVA,2,Midfielder,1999-07-07T00:00:00Z
43924,BRA,430601,GABRIEL MAGALHAES,3,Defender,1997-12-19T00:00:00Z
43924,BRA,332946,MARQUINHOS,4,Defender,1994-05-14T00:00:00Z
43924,BRA,308386,CASEMIRO,5,Midfielder,1992-02-23T00:00:00Z
43924,BRA,335658,ALEX SANDRO,6,Defender,1991-01-26T00:00:00Z
43924,BRA,405742,VINICIUS JUNIOR,7,Forward,2000-07-12T00:00:00Z
43924,BRA,430605,BRUNO GUIMARAES,8,Midfielder,1997-11-16T00:00:00Z
43924,BRA,430609,MATHEUS CUNHA,9,Forward,1999-05-27T00:00:00Z
43924,BRA,314197,NEYMAR JR,10,Forward,1992-02-05T00:00:00Z
43924,BRA,433872,RAPHINHA,11,Forward,1996-12-14T00:00:00Z
43924,BRA,396315,WEVERTON,12,Goalkeeper,1987-12-13T00:00:00Z
43924,BRA,335656,DANILO,13,Defender,1991-07-15T00:00:00Z
43924,BRA,431889,BREMER,14,Defender,1997-03-18T00:00:00Z
43924,BRA,371956,LEO PEREIRA,15,Defender,1996-01-31T00:00:00Z
43924,BRA,367981,DOUGLAS SANTOS,16,Defender,1994-03-22T00:00:00Z
43924,BRA,394456,FABINHO,17,Midfielder,1993-10-23T00:00:00Z
43924,BRA,429392,DANILO SANTOS,18,Midfielder,2001-04-29T00:00:00Z
43924,BRA,463746,ENDRICK,19,Forward,2006-07-21T00:00:00Z
43924,BRA,411726,LUCAS PAQUETA,20,Midfielder,1997-08-27T00:00:00Z
43924,BRA,448420,LUIZ HENRIQUE,21,Forward,2001-01-02T00:00:00Z
43924,BRA,430597,GABRIEL MARTINELLI,22,Forward,2001-06-18T00:00:00Z
43924,BRA,395427,EDERSON,23,Goalkeeper,1993-08-17T00:00:00Z
43924,BRA,430594,ROGER IBANEZ,24,Defender,1998-11-23T00:00:00Z
43924,BRA,519836,IGOR THIAGO,25,Forward,2001-06-26T00:00:00Z
43924,BRA,475036,RAYAN,26,Forward,2006-08-03T00:00:00Z
43963,POR,403001,DIOGO COSTA,1,Goalkeeper,1999-09-19T00:00:00Z
43963,POR,395212,NELSON SEMEDO,2,Defender,1993-11-16T00:00:00Z
43963,POR,384752,RUBEN DIAS,3,Defender,1997-05-14T00:00:00Z
43963,POR,492358,TOMAS ARAUJO,4,Defender,2002-05-16T00:00:00Z
43963,POR,403002,DIOGO DALOT,5,Defender,1999-03-18T00:00:00Z
43963,POR,441148,MATHEUS NUNES,6,Midfielder,1998-08-27T00:00:00Z
43963,POR,201200,CRISTIANO RONALDO,7,Forward,1985-02-05T00:00:00Z
43963,POR,395206,BRUNO FERNANDES,8,Midfielder,1994-09-08T00:00:00Z
43963,POR,448081,GONCALO RAMOS,9,Forward,2001-06-20T00:00:00Z
43963,POR,395205,BERNARDO SILVA,10,Midfielder,1994-08-10T00:00:00Z
43963,POR,418535,JOAO FELIX,11,Forward,1999-11-10T00:00:00Z
43963,POR,368689,JOSE SA,12,Goalkeeper,1993-01-17T00:00:00Z
43963,POR,489704,RENATO VEIGA,13,Defender,2003-07-29T00:00:00Z
43963,POR,441146,GONCALO INACIO,14,Defender,2001-08-25T00:00:00Z
43963,POR,484141,JOAO NEVES,15,Midfielder,2004-09-27T00:00:00Z
43963,POR,418561,FRANCISCO TRINCAO,16,Forward,1999-12-29T00:00:00Z
43963,POR,418550,RAFAEL LEAO,17,Forward,1999-06-10T00:00:00Z
43963,POR,418548,PEDRO NETO,18,Forward,2000-03-09T00:00:00Z
43963,POR,384751,GONCALO GUEDES,19,Forward,1996-11-29T00:00:00Z
43963,POR,368649,JOAO CANCELO,20,Defender,1994-05-27T00:00:00Z
43963,POR,395216,RUBEN NEVES,21,Midfielder,1997-03-13T00:00:00Z
43963,POR,448092,RUI SILVA,22,Goalkeeper,1994-02-07T00:00:00Z
43963,POR,441149,VITINHA,23,Midfielder,2000-02-13T00:00:00Z
43963,POR,491216,SAMU COSTA,24,Defender,2000-11-27T00:00:00Z
43963,POR,433195,NUNO MENDES,25,Defender,2002-06-19T00:00:00Z
43963,POR,485081,FRANCISCO CONCEICAO,26,Forward,2002-12-14T00:00:00Z
43948,GER,228912,Manuel NEUER,1,Goalkeeper,1986-03-27T00:00:00Z
43948,GER,379955,Antonio RUEDIGER,2,Defender,1993-03-03T00:00:00Z
43948,GER,430658,Waldemar ANTON,3,Defender,1996-07-20T00:00:00Z
43948,GER,401378,Jonathan TAH,4,Defender,1996-02-11T00:00:00Z
43948,GER,484849,Aleksandar PAVLOVIC,5,Midfielder,2004-05-03T00:00:00Z
43948,GER,386413,Joshua KIMMICH,6,Defender,1995-02-08T00:00:00Z
43948,GER,411367,Kai HAVERTZ,7,Forward,1999-06-11T00:00:00Z
43948,GER,379953,Leon GORETZKA,8,Midfielder,1995-02-06T00:00:00Z
43948,GER,491218,Jamie LEWELING,9,Midfielder,2001-02-26T00:00:00Z
43948,GER,429642,Jamal MUSIALA,10,Midfielder,2003-02-26T00:00:00Z
43948,GER,498416,Nick WOLTEMADE,11,Forward,2002-02-14T00:00:00Z
43948,GER,306538,Oliver Baumann,12,Goalkeeper,1990-06-02T00:00:00Z
43948,GER,484848,Pascal GROSS,13,Midfielder,1991-06-15T00:00:00Z
43948,GER,484850,Maximilian BEIER,14,Forward,2002-10-17T00:00:00Z
43948,GER,430667,Nico SCHLOTTERBECK,15,Defender,1999-12-01T00:00:00Z
43948,GER,429640,Angelo Stiller,16,Midfielder,2001-04-04T00:00:00Z
43948,GER,430669,Florian WIRTZ,17,Midfielder,2003-05-03T00:00:00Z
43948,GER,511015,Nathaniel BROWN,18,Defender,2003-06-16T00:00:00Z
43948,GER,404353,Leroy SANE,19,Midfielder,1996-01-11T00:00:00Z
43948,GER,395471,Nadiem Amiri,20,Midfielder,1996-10-27T00:00:00Z
43948,GER,429639,Alexander NUEBEL,21,Goalkeeper,1996-09-30T00:00:00Z
43948,GER,430657,David RAUM,22,Defender,1998-04-22T00:00:00Z
43948,GER,492363,Felix NMECHA,23,Midfielder,2000-10-10T00:00:00Z
43948,GER,514188,Malick THIAW,24,Defender,2001-08-08T00:00:00Z
43948,GER,475195,Assan OUEDRAOGO,25,Midfielder,2006-05-09T00:00:00Z
43948,GER,484851,Deniz UNDAV,26,Forward,1996-07-19T00:00:00Z
43971,SUI,448107,Gregor KOBEL,1,Goalkeeper,1997-12-06T00:00:00Z
43971,SUI,493221,Miro MUHEIM,2,Defender,1998-03-24T00:00:00Z
43971,SUI,356412,Silvan WIDMER,3,Defender,1993-03-05T00:00:00Z
43971,SUI,398509,Nico ELVEDI,4,Defender,1996-09-30T00:00:00Z
43971,SUI,405178,Manuel AKANJI,5,Defender,1995-07-19T00:00:00Z
43971,SUI,401448,Denis ZAKARIA,6,Midfielder,1996-11-20T00:00:00Z
43971,SUI,393480,Breel EMBOLO,7,Forward,1997-02-14T00:00:00Z
43971,SUI,402021,Remo FREULER,8,Midfielder,1992-04-15T00:00:00Z
43971,SUI,502727,Johan MANZAMBI,9,Midfielder,2005-10-14T00:00:00Z
43971,SUI,311558,Granit XHAKA,10,Midfielder,1992-09-27T00:00:00Z
43971,SUI,448114,Dan NDOYE,11,Forward,2000-10-25T00:00:00Z
43971,SUI,402022,Yvon MVOGO,12,Goalkeeper,1994-06-06T00:00:00Z
43971,SUI,313559,Ricardo RODRIGUEZ,13,Defender,1992-08-25T00:00:00Z
43971,SUI,448120,Ardon JASHARI,14,Midfielder,2002-07-30T00:00:00Z
43971,SUI,411226,Djibril SOW,15,Midfielder,1997-02-06T00:00:00Z
43971,SUI,448124,Christian FASSNACHT,16,Forward,1993-11-11T00:00:00Z
43971,SUI,448131,Ruben VARGAS,17,Forward,1998-08-05T00:00:00Z
43971,SUI,448136,Eray COEMERT,18,Defender,1998-02-04T00:00:00Z
43971,SUI,448127,Noah OKAFOR,19,Forward,2000-05-24T00:00:00Z
43971,SUI,433147,Michel AEBISCHER,20,Midfielder,1997-01-06T00:00:00Z
43971,SUI,484862,Marvin KELLER,21,Goalkeeper,2002-07-03T00:00:00Z
43971,SUI,448103,Fabian RIEDER,22,Midfielder,2002-02-16T00:00:00Z
43971,SUI,448112,Zeki AMDOUNI,23,Forward,2000-12-04T00:00:00Z
43971,SUI,484864,Aurele AMENDA,24,Defender,2003-07-31T00:00:00Z
43971,SUI,510908,Luca JAQUEZ,25,Defender,2003-06-02T00:00:00Z
43971,SUI,448104,Cedric ITTEN,26,Forward,1996-12-27T00:00:00Z
44005,UZB,479077,Utkir YUSUPOV,1,Goalkeeper,1991-01-04T00:00:00Z
44005,UZB,464924,Abdukodir KHUSANOV,2,Defender,2004-02-29T00:00:00Z
44005,UZB,479079,Khojiakbar ALIJONOV,3,Defender,1997-04-19T00:00:00Z
44005,UZB,385139,Farrukh SAYFIEV,4,Defender,1991-01-17T00:00:00Z
44005,UZB,371415,Rustam ASHURMATOV,5,Defender,1996-07-07T00:00:00Z
44005,UZB,479106,Akmal MOZGOVOY,6,Midfielder,1999-04-02T00:00:00Z
44005,UZB,371348,Otabek Shukurov,7,Midfielder,1996-06-22T00:00:00Z
44005,UZB,368545,Jamshid ISKANDEROV,8,Midfielder,1993-10-16T00:00:00Z
44005,UZB,371345,Odiljon XAMROBEKOV,9,Midfielder,1996-02-13T00:00:00Z
44005,UZB,368560,Jaloliddin Masharipov,10,Midfielder,1993-09-01T00:00:00Z
44005,UZB,479080,Oston URUNOV,11,Midfielder,2000-12-19T00:00:00Z
44005,UZB,479110,Abduvohid NEMATOV,12,Goalkeeper,2001-03-20T00:00:00Z
44005,UZB,479075,Sherzod NASRULLAEV,13,Defender,1998-07-23T00:00:00Z
44005,UZB,385475,Eldor SHOMURODOV,14,Forward,1995-06-29T00:00:00Z
44005,UZB,479084,Umar ESHMURODOV,15,Defender,1992-11-30T00:00:00Z
44005,UZB,385472,Botirali ERGASHEV,16,Goalkeeper,1995-06-23T00:00:00Z
44005,UZB,371393,Dostonbek Khamdamov,17,Midfielder,1996-07-24T00:00:00Z
44005,UZB,479042,Abdulla ABDULLAEV,18,Defender,1997-09-01T00:00:00Z
44005,UZB,479086,Azizjon GANIEV,19,Midfielder,1998-02-22T00:00:00Z
44005,UZB,481220,Azizbek AMONOV,20,Forward,1997-10-30T00:00:00Z
44005,UZB,368546,Igor Sergeev,21,Forward,1993-04-30T00:00:00Z
44005,UZB,464933,Abbosbek FAYZULLAEV,22,Midfielder,2003-10-03T00:00:00Z
44005,UZB,464897,Sherzod ESANOV,23,Midfielder,2003-02-01T00:00:00Z
44005,UZB,475260,Behruzjon KARIMOV,24,Defender,2007-08-07T00:00:00Z
44005,UZB,518264,Avazbek ULMASALIYEV,25,Defender,2000-03-27T00:00:00Z
44005,UZB,464906,Jakhongir UROZOV,26,Defender,2004-01-18T00:00:00Z
43946,FRA,483471,Brice SAMBA,1,Goalkeeper,1994-04-25T00:00:00Z
43946,FRA,464055,Malo GUSTO,2,Defender,2003-05-19T00:00:00Z
43946,FRA,368860,Lucas Digne,3,Defender,1993-07-20T00:00:00Z
43946,FRA,389876,Dayot UPAMECANO,4,Defender,1998-10-27T00:00:00Z
43946,FRA,430707,Jules KOUNDE,5,Defender,1998-11-12T00:00:00Z
43946,FRA,485677,Manu KONE,6,Midfielder,2001-05-17T00:00:00Z
43946,FRA,398680,Ousmane DEMBELE,7,Forward,1997-05-15T00:00:00Z
43946,FRA,405893,Aurelien TCHOUAMENI,8,Midfielder,2000-01-27T00:00:00Z
43946,FRA,403109,Marcus THURAM,9,Forward,1997-08-06T00:00:00Z
43946,FRA,389867,Kylian MBAPPE,10,Forward,1998-12-20T00:00:00Z
43946,FRA,485655,Michael OLISE,11,Forward,2001-12-12T00:00:00Z
43946,FRA,484860,Bradley BARCOLA,12,Forward,2002-09-02T00:00:00Z
43946,FRA,398681,Ngolo KANTE,13,Midfielder,1991-03-29T00:00:00Z
43946,FRA,402047,Adrien RABIOT,14,Midfielder,1995-04-03T00:00:00Z
43946,FRA,419166,Ibrahima KONATE,15,Defender,1999-05-25T00:00:00Z
43946,FRA,448332,Mike MAIGNAN,16,Goalkeeper,1995-07-03T00:00:00Z
43946,FRA,419177,William SALIBA,17,Defender,2001-03-24T00:00:00Z
43946,FRA,483549,Warren ZAIRE-EMERY,18,Midfielder,2006-03-08T00:00:00Z
43946,FRA,408042,Theo HERNANDEZ,19,Defender,1997-10-06T00:00:00Z
43946,FRA,464114,Desire DOUE,20,Forward,2005-06-03T00:00:00Z
43946,FRA,411470,Lucas HERNANDEZ,21,Defender,1996-02-14T00:00:00Z
43946,FRA,403094,Jean-Philippe MATETA,22,Forward,1997-06-28T00:00:00Z
43946,FRA,464127,Robin RISSER,23,Goalkeeper,2004-12-02T00:00:00Z
43946,FRA,431861,Rayan CHERKI,24,Midfielder,2003-08-17T00:00:00Z
43946,FRA,485666,Maghnes AKLIOUCHE,25,Midfielder,2002-02-25T00:00:00Z
43946,FRA,405881,Maxence Lacroix,26,Defender,2000-04-06T00:00:00Z
43883,RSA,395986,Ronwen WILLIAMS,1,Goalkeeper,1992-01-21T00:00:00Z
43883,RSA,510850,Thabang MATULUDI,2,Defender,1999-01-14T00:00:00Z
43883,RSA,504192,Khulumani NDAMANE,3,Defender,2004-02-05T00:00:00Z
43883,RSA,403616,Teboho MOKOENA,4,Midfielder,1997-01-24T00:00:00Z
43883,RSA,494248,Thalente MBATHA,5,Midfielder,2000-03-06T00:00:00Z
43883,RSA,395050,Aubrey MODIBA,6,Defender,1995-07-22T00:00:00Z
43883,RSA,419223,Oswin APPOLLIS,7,Forward,2001-08-25T00:00:00Z
43883,RSA,504193,Tshepang MOREMI,8,Forward,2000-10-02T00:00:00Z
43883,RSA,419211,Lyle FOSTER,9,Forward,2000-09-03T00:00:00Z
43883,RSA,486161,Relebohile MOFOKENG,10,Forward,2004-10-23T00:00:00Z
43883,RSA,395984,Themba ZWANE,11,Midfielder,1989-08-03T00:00:00Z
43883,RSA,463234,Thapelo MASEKO,12,Forward,2003-11-11T00:00:00Z
43883,RSA,390475,Sphephelo SITHOLE,13,Midfielder,1999-03-03T00:00:00Z
43883,RSA,504199,Mbekezeli MBOKAZI,14,Defender,2005-09-19T00:00:00Z
43883,RSA,481242,Iqraam RAYNERS,15,Forward,1995-12-19T00:00:00Z
43883,RSA,494246,Sipho CHAINE,16,Goalkeeper,1996-12-14T00:00:00Z
43883,RSA,430917,Evidence MAKGOPA,17,Forward,2000-06-05T00:00:00Z
43883,RSA,504200,Samukele KABINI,18,Defender,2004-03-15T00:00:00Z
43883,RSA,463221,Nkosinathi SIBISI,19,Defender,1995-09-22T00:00:00Z
43883,RSA,463218,Khuliso MUDAU,20,Defender,1995-04-26T00:00:00Z
43883,RSA,506039,Ime OKON,21,Defender,2004-02-20T00:00:00Z
43883,RSA,395059,Ricardo GOSS,22,Goalkeeper,1994-04-02T00:00:00Z
43883,RSA,463236,Jayden ADAMS,23,Midfielder,2001-05-05T00:00:00Z
43883,RSA,502245,Olwethu MAKHANYA,24,Defender,2004-04-30T00:00:00Z
43883,RSA,506038,Kamogelo SEBELEBELE,25,Forward,2002-07-21T00:00:00Z
43883,RSA,419225,Bradley Cross,26,Defender,2001-01-30T00:00:00Z
43855,EGY,408948,MOHAMED ELSHENAWY,1,Goalkeeper,1988-12-18T00:00:00Z
43855,EGY,369267,YASSER IBRAHIM,2,Defender,1993-02-10T00:00:00Z
43855,EGY,408950,MOHAMED HANY,3,Defender,1996-02-02T00:00:00Z
43855,EGY,483182,HOSSAM ABDELMAGUID,4,Defender,2001-04-30T00:00:00Z
43855,EGY,344661,RAMY RABIA,5,Defender,1993-05-20T00:00:00Z
43855,EGY,416902,MOHAMED ABDELMONEIM,6,Defender,1999-02-01T00:00:00Z
43855,EGY,363863,TREZEGUET,7,Forward,1994-10-01T00:00:00Z
43855,EGY,430482,EMAM ASHOUR,8,Midfielder,1998-02-20T00:00:00Z
43855,EGY,495488,HAMZA ABDELKARIM,9,Forward,2008-01-01T00:00:00Z
43855,EGY,344654,MOHAMED SALAH,10,Forward,1992-06-15T00:00:00Z
43855,EGY,483161,MOSTAFA ZICO,11,Midfielder,1997-04-27T00:00:00Z
43855,EGY,424106,Haissem HASSAN,12,Forward,2002-02-08T00:00:00Z
43855,EGY,430477,AHMED FATOUH,13,Defender,1998-03-22T00:00:00Z
43855,EGY,429095,HAMDY FATHY,14,Midfielder,1994-09-29T00:00:00Z
43855,EGY,407022,KARIM HAFEZ,15,Defender,1996-03-12T00:00:00Z
43855,EGY,395860,MAHDY SOLIMAN,16,Goalkeeper,1987-06-08T00:00:00Z
43855,EGY,433469,MOHANAD LASHIN,17,Midfielder,1996-05-29T00:00:00Z
43855,EGY,433466,NABIL DONGA,18,Midfielder,1996-04-06T00:00:00Z
43855,EGY,461788,MARAWAN ATTIA,19,Midfielder,1998-08-01T00:00:00Z
43855,EGY,430465,IBRAHIM ADEL,20,Forward,2001-04-23T00:00:00Z
43855,EGY,483183,MAHMOUD SABER,21,Midfielder,2001-07-30T00:00:00Z
43855,EGY,430476,OMAR MARMOUSH,22,Forward,1999-02-07T00:00:00Z
43855,EGY,416906,MOSTAFA SHOUBIR,23,Goalkeeper,2000-05-15T00:00:00Z
43855,EGY,506124,TAREK ALAA,24,Defender,2002-01-05T00:00:00Z
43855,EGY,433461,ZIZO,25,Forward,1996-01-10T00:00:00Z
43855,EGY,512079,MOHAMED ALAA,26,Goalkeeper,1999-01-01T00:00:00Z
43834,QAT,419459,MAHMOUD ABUNADA,1,Goalkeeper,2000-02-05T00:00:00Z
43834,QAT,416051,PEDRO MIGUEL,2,Defender,1990-08-06T00:00:00Z
43834,QAT,356673,LUCAS MENDES,3,Defender,1990-07-03T00:00:00Z
43834,QAT,512791,ISSA LAYE,4,Defender,1997-12-22T00:00:00Z
43834,QAT,419473,JASSEM GABER,5,Defender,2002-02-20T00:00:00Z
43834,QAT,345059,ABDULAZIZ HATEM,6,Midfielder,1990-01-01T00:00:00Z
43834,QAT,353251,AHMED ALAAELDIN,7,Forward,1993-01-31T00:00:00Z
43834,QAT,429063,EDMILSON JUNIOR,8,Forward,1994-08-19T00:00:00Z
43834,QAT,385070,MOHAMMED MUNTARI,9,Forward,1993-12-20T00:00:00Z
43834,QAT,284190,HASSAN ALHAYDOS,10,Forward,1990-12-11T00:00:00Z
43834,QAT,386347,AKRAM AFIF,11,Forward,1996-11-18T00:00:00Z
43834,QAT,354861,KARIM BOUDIAF,12,Midfielder,1990-09-16T00:00:00Z
43834,QAT,510991,AYOUB ALOUI,13,Defender,2005-03-11T00:00:00Z
43834,QAT,419441,HOMAM AHMED,14,Defender,1999-08-25T00:00:00Z
43834,QAT,419463,YUSUF ABDURISAG,15,Forward,1999-08-06T00:00:00Z
43834,QAT,385067,BOUALEM KHOUKHI,16,Defender,1990-07-09T00:00:00Z
43834,QAT,419436,AHMED ALGANEHI,17,Midfielder,2000-09-22T00:00:00Z
43834,QAT,386387,SULTAN ALBRAKE,18,Defender,1996-04-07T00:00:00Z
43834,QAT,386366,ALMOEZ ALI,19,Forward,1996-08-19T00:00:00Z
43834,QAT,433394,AHMED FATHY,20,Midfielder,1993-01-25T00:00:00Z
43834,QAT,419461,SALAH ZAKARIA,21,Goalkeeper,1999-04-24T00:00:00Z
43834,QAT,416056,MESHAAL BARSHAM,22,Goalkeeper,1998-02-14T00:00:00Z
43834,QAT,386348,ASSIM MADIBO,23,Midfielder,1996-10-22T00:00:00Z
43834,QAT,486639,TAHSIN MOHAMMED,24,Forward,2006-06-16T00:00:00Z
43834,QAT,486614,ALHASHMI ALHUSSEIN,25,Defender,2003-08-15T00:00:00Z
43834,QAT,498458,MOHAMED MANAI,26,Forward,2002-10-25T00:00:00Z
43969,ESP,447853,David RAYA,1,Goalkeeper,1995-09-15T00:00:00Z
43969,ESP,484728,Marc PUBILL,2,Defender,2003-06-20T00:00:00Z
43969,ESP,391297,Alex GRIMALDO,3,Defender,1995-09-20T00:00:00Z
43969,ESP,405562,Eric GARCIA,4,Defender,2001-01-09T00:00:00Z
43969,ESP,382739,Marcos LLORENTE,5,Defender,1995-01-30T00:00:00Z
43969,ESP,430733,Mikel MERINO,6,Midfielder,1996-06-22T00:00:00Z
43969,ESP,405545,Ferran TORRES,7,Forward,2000-02-29T00:00:00Z
43969,ESP,430718,Fabian RUIZ,8,Midfielder,1996-04-03T00:00:00Z
43969,ESP,447866,GAVI,9,Midfielder,2004-08-05T00:00:00Z
43969,ESP,430750,Dani OLMO,10,Forward,1998-05-07T00:00:00Z
43969,ESP,423658,Yeremy PINO,11,Forward,2002-10-20T00:00:00Z
43969,ESP,430144,Pedro PORRO,12,Defender,1999-09-13T00:00:00Z
43969,ESP,484691,Joan GARCIA,13,Goalkeeper,2001-05-04T00:00:00Z
43969,ESP,335999,Aymeric LAPORTE,14,Defender,1994-05-27T00:00:00Z
43969,ESP,447860,Alex BAENA,15,Midfielder,2001-07-20T00:00:00Z
43969,ESP,411375,RODRI,16,Midfielder,1996-06-22T00:00:00Z
43969,ESP,447855,Nico WILLIAMS,17,Forward,2002-07-12T00:00:00Z
43969,ESP,430754,Martin ZUBIMENDI,18,Midfielder,1999-02-02T00:00:00Z
43969,ESP,484320,Lamine YAMAL,19,Forward,2007-07-13T00:00:00Z
43969,ESP,423646,PEDRI,20,Midfielder,2002-11-25T00:00:00Z
43969,ESP,430751,Mikel OYARZABAL,21,Forward,1997-04-21T00:00:00Z
43969,ESP,474973,Pau CUBARSI,22,Defender,2007-01-22T00:00:00Z
43969,ESP,430753,Unai SIMON,23,Goalkeeper,1997-06-11T00:00:00Z
43969,ESP,430735,Marc CUCURELLA,24,Defender,1998-07-22T00:00:00Z
43969,ESP,492859,Victor MUNOZ,25,Forward,2003-07-13T00:00:00Z
43969,ESP,447864,Borja IGLESIAS,26,Forward,1993-01-17T00:00:00Z
43928,PAR,318647,Gatito FERNANDEZ,1,Goalkeeper,1988-03-29T00:00:00Z
43928,PAR,486875,Gustavo VELAZQUEZ,2,Defender,1991-04-17T00:00:00Z
43928,PAR,431202,Omar ALDERETE,3,Defender,1996-12-26T00:00:00Z
43928,PAR,479601,Juan Jose CACERES,4,Defender,2000-06-01T00:00:00Z
43928,PAR,394829,Fabian BALBUENA,5,Defender,1991-08-23T00:00:00Z
43928,PAR,369749,Junior ALONSO,6,Defender,1993-02-09T00:00:00Z
43928,PAR,463125,Ramon SOSA,7,Midfielder,1999-08-31T00:00:00Z
43928,PAR,463128,Diego GOMEZ,8,Midfielder,2003-03-27T00:00:00Z
43928,PAR,369768,Antonio SANABRIA,9,Forward,1996-03-04T00:00:00Z
43928,PAR,369761,Miguel ALMIRON,10,Midfielder,1994-02-10T00:00:00Z
43928,PAR,495046,MAURICIO,11,Midfielder,2001-06-22T00:00:00Z
43928,PAR,494531,Orlando GILL,12,Goalkeeper,2000-06-11T00:00:00Z
43928,PAR,520066,Jose CANALE,13,Defender,1996-07-20T00:00:00Z
43928,PAR,385306,Andres CUBAS,14,Midfielder,1996-05-11T00:00:00Z
43928,PAR,369744,Gustavo GOMEZ,15,Defender,1993-05-06T00:00:00Z
43928,PAR,476348,Damian BOBADILLA,16,Midfielder,2001-07-11T00:00:00Z
43928,PAR,386458,Alejandro ROMERO GAMARRA,17,Forward,1995-01-11T00:00:00Z
43928,PAR,485802,Alex ARCE,18,Forward,1995-06-16T00:00:00Z
43928,PAR,441234,Julio ENCISO,19,Forward,2004-01-23T00:00:00Z
43928,PAR,406205,Braian OJEDA,20,Midfielder,2000-06-27T00:00:00Z
43928,PAR,463127,Gabriel AVALOS,21,Forward,1991-07-09T00:00:00Z
43928,PAR,447991,Gaston OLVEIRA,22,Goalkeeper,1993-04-21T00:00:00Z
43928,PAR,424422,Matias GALARZA,23,Midfielder,2002-02-11T00:00:00Z
43928,PAR,485804,Gustavo CABALLERO,24,Midfielder,2001-09-21T00:00:00Z
43928,PAR,489417,Isidro PITTA,25,Forward,1999-08-14T00:00:00Z
43928,PAR,505495,Alexandro MAIDANA,26,Defender,2005-07-26T00:00:00Z
43934,AUT,371739,Alexander SCHLAGER,1,Goalkeeper,1996-02-01T00:00:00Z
43934,AUT,520035,David AFFENGRUBER,2,Defender,2001-03-19T00:00:00Z
43934,AUT,405263,Kevin Danso,3,Defender,1998-09-19T00:00:00Z
43934,AUT,385531,Xaver Schlager,4,Midfielder,1997-09-28T00:00:00Z
43934,AUT,441067,Stefan POSCH,5,Defender,1997-05-14T00:00:00Z
43934,AUT,441088,Nicolas SEIWALD,6,Midfielder,2001-05-04T00:00:00Z
43934,AUT,299200,Marko ARNAUTOVIC,7,Forward,1989-04-19T00:00:00Z
43934,AUT,316002,David ALABA,8,Defender,1992-06-24T00:00:00Z
43934,AUT,358241,Marcel SABITZER,9,Midfielder,1994-03-17T00:00:00Z
43934,AUT,385248,Florian GRILLITSCH,10,Midfielder,1995-08-07T00:00:00Z
43934,AUT,401131,Michael Gregoritsch,11,Forward,1994-04-18T00:00:00Z
43934,AUT,520034,Florian WIEGELE,12,Goalkeeper,2001-03-21T00:00:00Z
43934,AUT,441065,Patrick PENTZ,13,Goalkeeper,1997-01-02T00:00:00Z
43934,AUT,430100,Sasa KALAJDZIC,14,Forward,1997-07-07T00:00:00Z
43934,AUT,372243,Philipp Lienhart,15,Defender,1996-07-11T00:00:00Z
43934,AUT,463288,Phillip MWENE,16,Defender,1994-01-29T00:00:00Z
43934,AUT,463800,Carney CHUKWUEMEKA,17,Midfielder,2003-10-20T00:00:00Z
43934,AUT,463283,Romano SCHMID,18,Midfielder,2000-01-27T00:00:00Z
43934,AUT,441068,Dejan LJUBICIC,19,Midfielder,1997-10-08T00:00:00Z
43934,AUT,385259,Konrad LAIMER,20,Midfielder,1997-05-27T00:00:00Z
43934,AUT,463286,Patrick WIMMER,21,Forward,2001-05-30T00:00:00Z
43934,AUT,463282,Alexander PRASS,22,Midfielder,2001-05-26T00:00:00Z
43934,AUT,463287,Marco FRIEDL,23,Defender,1998-03-16T00:00:00Z
43934,AUT,520036,Paul WANNER,24,Midfielder,2005-12-23T00:00:00Z
43934,AUT,491269,Michael SVOBODA,25,Defender,1998-10-15T00:00:00Z
43934,AUT,375600,Alessandro SCHOEPF,26,Midfielder,1994-02-07T00:00:00Z
43888,TUN,520245,Mouhib CHAMAKH,1,Goalkeeper,2001-08-25T00:00:00Z
43888,TUN,433362,Ali ABDI,2,Defender,1993-12-20T00:00:00Z
43888,TUN,433380,Montassar TALBI,3,Defender,1998-05-26T00:00:00Z
43888,TUN,433367,Omar Rekik,4,Defender,2001-12-20T00:00:00Z
43888,TUN,516043,Adam AROUS,5,Defender,2004-07-17T00:00:00Z
43888,TUN,411653,Dylan BRONN,6,Defender,1995-06-19T00:00:00Z
43888,TUN,448662,Elias ACHOURI,7,Forward,1999-02-10T00:00:00Z
43888,TUN,482885,Elias SAAD,8,Forward,1999-12-27T00:00:00Z
43888,TUN,494374,Hazem MASTOURI,9,Forward,1997-06-18T00:00:00Z
43888,TUN,433378,Hannibal MEJBRI,10,Midfielder,2003-01-21T00:00:00Z
43888,TUN,464484,Ismael GHARBI,11,Midfielder,2004-04-10T00:00:00Z
43888,TUN,441362,Mortadha BEN OUANES,12,Defender,1994-07-02T00:00:00Z
43888,TUN,336459,Rani Khedira,13,Midfielder,1994-01-27T00:00:00Z
43888,TUN,512039,Khalil AYARI,14,Midfielder,2005-02-02T00:00:00Z
43888,TUN,479781,Mohamed HADJ MAHMOUD,15,Midfielder,2000-04-24T00:00:00Z
43888,TUN,433365,Aymen DAHMEN,16,Goalkeeper,1997-01-28T00:00:00Z
43888,TUN,411658,Ellyes SKHIRI,17,Midfielder,1995-05-10T00:00:00Z
43888,TUN,520247,Rayan ELLOUMI,18,Forward,2007-09-17T00:00:00Z
43888,TUN,494375,Firas CHAOUAT,19,Forward,1996-05-08T00:00:00Z
43888,TUN,419189,Yan Valery,20,Defender,1999-02-22T00:00:00Z
43888,TUN,425607,Mohamed Amine BEN HMIDA,21,Defender,1995-12-15T00:00:00Z
43888,TUN,372294,Sabri BEN HESSEN,22,Goalkeeper,1996-06-13T00:00:00Z
43888,TUN,506335,Moutaz NEFFATI,23,Defender,2004-09-04T00:00:00Z
43888,TUN,520246,Raed CHIKHAOUI,24,Defender,2004-06-09T00:00:00Z
43888,TUN,433361,Anis SLIMANE,25,Midfielder,2001-03-16T00:00:00Z
43888,TUN,504502,Sebastian TOUNEKTI,26,Midfielder,2002-07-13T00:00:00Z
43850,CPV,364752,VOZINHA,1,Goalkeeper,1986-06-03T00:00:00Z
43850,CPV,297266,STOPIRA,2,Defender,1988-05-20T00:00:00Z
43850,CPV,409241,DINEY BORGES,3,Defender,1995-01-17T00:00:00Z
43850,CPV,477770,PICO LOPES,4,Defender,1992-06-17T00:00:00Z
43850,CPV,477831,LOGAN COSTA,5,Defender,2001-04-01T00:00:00Z
43850,CPV,477852,KEVIN PINA,6,Midfielder,1997-01-27T00:00:00Z
43850,CPV,477856,JOVANE CABRAL,7,Midfielder,1998-06-14T00:00:00Z
43850,CPV,477855,JOAO PAULO,8,Midfielder,1998-05-26T00:00:00Z
43850,CPV,477862,GILSON BENCHIMOL,9,Forward,2001-12-29T00:00:00Z
43850,CPV,401894,JAMIRO MONTEIRO,10,Midfielder,1993-11-23T00:00:00Z
43850,CPV,373344,GARRY RODRIGUES,11,Midfielder,1990-11-27T00:00:00Z
43850,CPV,407114,MARCIO ROSA,12,Goalkeeper,1997-02-23T00:00:00Z
43850,CPV,477832,SIDNY LOPES CABRAL,13,Defender,2002-09-18T00:00:00Z
43850,CPV,477827,DEROY DUARTE,14,Midfielder,1999-07-04T00:00:00Z
43850,CPV,480966,LAROS DUARTE,15,Midfielder,1997-02-28T00:00:00Z
43850,CPV,494313,YANNICK SEMEDO,16,Midfielder,1995-12-29T00:00:00Z
43850,CPV,433724,WILLY SEMEDO,17,Midfielder,1994-04-27T00:00:00Z
43850,CPV,494314,TELMO ARCANJO,18,Midfielder,2001-06-21T00:00:00Z
43850,CPV,482782,DAILON LIVRAMENTO,19,Forward,2001-05-04T00:00:00Z
43850,CPV,355642,RYAN MENDES,20,Forward,1990-01-08T00:00:00Z
43850,CPV,401893,NUNO DA COSTA,21,Midfielder,1991-02-10T00:00:00Z
43850,CPV,477847,STEVEN MOREIRA,22,Defender,1994-08-13T00:00:00Z
43850,CPV,406281,CJ DOS SANTOS,23,Goalkeeper,2000-08-24T00:00:00Z
43850,CPV,482783,WAGNER PINA,24,Defender,2002-11-03T00:00:00Z
43850,CPV,482780,KELVIN PIRES,25,Defender,2000-06-05T00:00:00Z
43850,CPV,477849,HELIO VARELA,26,Midfielder,2002-05-03T00:00:00Z
43930,URU,368664,Sergio ROCHET,1,Goalkeeper,1993-03-23T00:00:00Z
43930,URU,368655,Jose Maria GIMENEZ,2,Defender,1995-01-20T00:00:00Z
43930,URU,419108,Sebastian CACERES,3,Defender,1999-08-18T00:00:00Z
43930,URU,419101,Ronald ARAUJO,4,Defender,1999-03-07T00:00:00Z
43930,URU,441623,Manuel UGARTE,5,Midfielder,2001-04-11T00:00:00Z
43930,URU,386538,Rodrigo BENTANCUR,6,Midfielder,1997-06-25T00:00:00Z
43930,URU,402898,Nicolas DE LA CRUZ,7,Midfielder,1997-06-01T00:00:00Z
43930,URU,402884,Federico VALVERDE,8,Midfielder,1998-07-22T00:00:00Z
43930,URU,419126,Darwin NUNEZ,9,Forward,1999-06-24T00:00:00Z
43930,URU,368652,Giorgian DE ARRASCAETA,10,Midfielder,1994-06-01T00:00:00Z
43930,URU,439956,Facundo PELLISTRI,11,Forward,2001-12-20T00:00:00Z
43930,URU,402897,Santiago MELE,12,Goalkeeper,1997-09-06T00:00:00Z
43930,URU,368660,Guillermo VARELA,13,Defender,1993-03-24T00:00:00Z
43930,URU,402876,Agustin CANOBBIO,14,Midfielder,1998-10-01T00:00:00Z
43930,URU,473062,Emiliano MARTINEZ,15,Midfielder,1999-08-17T00:00:00Z
43930,URU,402893,Mathias OLIVERA,16,Defender,1997-10-31T00:00:00Z
43930,URU,402895,Matias VINA,17,Defender,1997-11-09T00:00:00Z
43930,URU,419132,Brian RODRIGUEZ,18,Forward,2000-05-20T00:00:00Z
43930,URU,332897,Rodrigo AGUIRRE,19,Forward,1994-10-01T00:00:00Z
43930,URU,419100,Maxi ARAUJO,20,Midfielder,2000-02-15T00:00:00Z
43930,URU,477536,Federico VINAS,21,Forward,1998-06-30T00:00:00Z
43930,URU,439538,Joaquin PIQUEREZ,22,Midfielder,1998-08-24T00:00:00Z
43930,URU,229498,Fernando MUSLERA,23,Goalkeeper,1986-06-16T00:00:00Z
43930,URU,402904,Santiago BUENO,24,Defender,1998-11-09T00:00:00Z
43930,URU,419134,Juan Manuel SANABRIA,25,Midfielder,2000-03-29T00:00:00Z
43930,URU,419142,Rodrigo ZALAZAR,26,Midfielder,1999-08-12T00:00:00Z
43854,CIV,405873,Yahia Fofana,1,Goalkeeper,2000-08-21T00:00:00Z
43854,CIV,477802,Ousmane DIOMANDE,2,Defender,2003-12-04T00:00:00Z
43854,CIV,407343,Ghislain KONAN,3,Defender,1995-12-27T00:00:00Z
43854,CIV,335807,Jean Michael SERI,4,Midfielder,1991-07-19T00:00:00Z
43854,CIV,430854,Wilfried SINGO,5,Defender,2000-12-25T00:00:00Z
43854,CIV,405175,Seko Fofana,6,Midfielder,1995-05-07T00:00:00Z
43854,CIV,477825,Odilon KOSSOUNOU,7,Defender,2001-01-04T00:00:00Z
43854,CIV,371609,Franck KESSIE,8,Midfielder,1996-12-19T00:00:00Z
43854,CIV,464103,Ange-Yoan BONNY,9,Forward,2003-10-25T00:00:00Z
43854,CIV,477778,Simon ADINGRA,10,Forward,2002-01-01T00:00:00Z
43854,CIV,510922,Yan DIOMANDE,11,Forward,2006-11-14T00:00:00Z
43854,CIV,464133,Elye WAHI,12,Forward,2003-01-02T00:00:00Z
43854,CIV,486260,Christopher OPERI,13,Defender,1997-04-29T00:00:00Z
43854,CIV,477777,Oumar DIAKITE,14,Forward,2003-12-20T00:00:00Z
43854,CIV,430822,Amad DIALLO,15,Forward,2002-07-11T00:00:00Z
43854,CIV,486259,Mohamed KONE,16,Goalkeeper,2002-03-07T00:00:00Z
43854,CIV,486317,Guela DOUE,17,Defender,2002-10-17T00:00:00Z
43854,CIV,430831,Ibrahim SANGARE,18,Midfielder,1997-12-02T00:00:00Z
43854,CIV,402261,Nicolas PEPE,19,Forward,1995-05-29T00:00:00Z
43854,CIV,486268,Emmanuel AGBADOU,20,Defender,1997-06-17T00:00:00Z
43854,CIV,419172,Evan NDICKA,21,Defender,1999-08-20T00:00:00Z
43854,CIV,485675,Evann GUESSAND,22,Forward,2001-07-01T00:00:00Z
43854,CIV,403090,Alban Lafont,23,Goalkeeper,1999-01-23T00:00:00Z
43854,CIV,506202,Bazoumana TOURE,24,Forward,2006-03-02T00:00:00Z
43854,CIV,430834,Parfait GUIAGON,25,Midfielder,2001-02-22T00:00:00Z
43854,CIV,514208,Christ Inao OULAI,26,Midfielder,2006-04-06T00:00:00Z
43961,NOR,373235,Orjan NYLAND,1,Goalkeeper,1990-09-10T00:00:00Z
43961,NOR,433067,Morten Thorsby,2,Midfielder,1996-05-05T00:00:00Z
43961,NOR,483516,Kristoffer AJER,3,Defender,1998-04-17T00:00:00Z
43961,NOR,419672,Leo OSTIGARD,4,Defender,1999-11-28T00:00:00Z
43961,NOR,483505,David MOLLER WOLFE,5,Defender,2002-04-23T00:00:00Z
43961,NOR,483442,Patrick BERG,6,Midfielder,1997-11-24T00:00:00Z
43961,NOR,398588,Alexander SORLOTH,7,Forward,1995-12-05T00:00:00Z
43961,NOR,404645,Sander BERGE,8,Midfielder,1998-02-14T00:00:00Z
43961,NOR,419652,Erling HAALAND,9,Forward,2000-07-21T00:00:00Z
43961,NOR,400716,Martin ODEGAARD,10,Midfielder,1998-12-17T00:00:00Z
43961,NOR,419662,Jorgen STRAND LARSEN,11,Forward,2000-02-06T00:00:00Z
43961,NOR,514479,Sander TANGVIK,12,Goalkeeper,2002-11-29T00:00:00Z
43961,NOR,483535,Egil SELVIK,13,Goalkeeper,1997-07-30T00:00:00Z
43961,NOR,483497,Fredrik AURSNES,14,Midfielder,1995-12-10T00:00:00Z
43961,NOR,483530,Fredrik Andre BJORKAN,15,Defender,1998-08-21T00:00:00Z
43961,NOR,494625,Marcus HOLMGREN PEDERSEN,16,Defender,2000-07-16T00:00:00Z
43961,NOR,491244,Torbjorn HEGGEM,17,Defender,1999-01-12T00:00:00Z
43961,NOR,419681,Kristian Thorstvedt,18,Midfielder,1999-03-13T00:00:00Z
43961,NOR,494627,Thelo AASGAARD,19,Midfielder,2002-05-02T00:00:00Z
43961,NOR,483448,Antonio NUSA,20,Forward,2005-04-17T00:00:00Z
43961,NOR,494626,Andreas SCHJELDERUP,21,Midfielder,2004-06-01T00:00:00Z
43961,NOR,477470,Oscar BOBB,22,Midfielder,2003-07-12T00:00:00Z
43961,NOR,419654,Jens Petter HAUGE,23,Midfielder,1999-10-12T00:00:00Z
43961,NOR,489696,Sondre LANGAS,24,Defender,2001-02-02T00:00:00Z
43961,NOR,520112,Henrik FALCHENER,25,Defender,2003-05-08T00:00:00Z
43961,NOR,483496,Julian RYERSON,26,Forward,1997-11-17T00:00:00Z
43927,ECU,441236,Hernan GALINDEZ,1,Goalkeeper,1987-03-30T00:00:00Z
43927,ECU,402979,Felix TORRES,2,Defender,1997-01-11T00:00:00Z
43927,ECU,424031,Piero HINCAPIE,3,Defender,2002-01-09T00:00:00Z
43927,ECU,463465,Joel ORDONEZ,4,Defender,2004-04-21T00:00:00Z
43927,ECU,419005,Jordy ALCIVAR,5,Midfielder,1999-08-05T00:00:00Z
43927,ECU,448290,Willian PACHO,6,Defender,2001-10-16T00:00:00Z
43927,ECU,389782,Pervis ESTUPINAN,7,Defender,1998-01-21T00:00:00Z
43927,ECU,448299,Anthony VALENCIA,8,Midfielder,2003-07-21T00:00:00Z
43927,ECU,405920,John YEBOAH,9,Forward,2000-06-23T00:00:00Z
43927,ECU,463495,Kendry PAEZ,10,Midfielder,2007-05-04T00:00:00Z
43927,ECU,448310,Kevin RODRIGUEZ,11,Forward,2000-03-04T00:00:00Z
43927,ECU,419002,Moises RAMIREZ,12,Goalkeeper,2000-09-09T00:00:00Z
43927,ECU,373400,Enner VALENCIA,13,Forward,1989-11-04T00:00:00Z
43927,ECU,463468,Alan MINDA,14,Midfielder,2003-05-14T00:00:00Z
43927,ECU,424036,Pedro VITE,15,Midfielder,2002-03-09T00:00:00Z
43927,ECU,402985,Jordy CAICEDO,16,Forward,1997-11-18T00:00:00Z
43927,ECU,402974,Angelo PRECIADO,17,Defender,1998-02-18T00:00:00Z
43927,ECU,463476,Denil CASTILLO,18,Midfielder,2004-03-24T00:00:00Z
43927,ECU,419020,Gonzalo PLATA,19,Forward,2000-11-01T00:00:00Z
43927,ECU,448312,Nilson ANGULO,20,Forward,2003-06-19T00:00:00Z
43927,ECU,389784,Alan FRANCO,21,Midfielder,1998-08-21T00:00:00Z
43927,ECU,448295,Gonzalo VALLE,22,Goalkeeper,1996-02-28T00:00:00Z
43927,ECU,428885,Moises CAICEDO,23,Midfielder,2001-11-02T00:00:00Z
43927,ECU,514326,Jeremy AREVALO,24,Forward,2005-03-19T00:00:00Z
43927,ECU,419003,Jackson POROZO,25,Defender,2000-08-04T00:00:00Z
43927,ECU,463489,Yaimar MEDINA,26,Defender,2004-11-05T00:00:00Z
43967,SCO,411301,Angus Gunn,1,Goalkeeper,1996-01-22T00:00:00Z
43967,SCO,442428,Aaron HICKEY,2,Defender,2002-06-10T00:00:00Z
43967,SCO,401339,Andy ROBERTSON,3,Defender,1994-03-11T00:00:00Z
43967,SCO,433787,Scott McTominay,4,Midfielder,1996-12-08T00:00:00Z
43967,SCO,359634,Grant Hanley,5,Defender,1991-11-20T00:00:00Z
43967,SCO,401712,Kieran Tierney,6,Defender,1997-06-05T00:00:00Z
43967,SCO,401334,John McGinn,7,Midfielder,1994-10-18T00:00:00Z
43967,SCO,523007,Tyler FLETCHER,8,Midfielder,2007-03-19T00:00:00Z
43967,SCO,430098,Lyndon DYKES,9,Forward,1995-10-07T00:00:00Z
43967,SCO,433191,Che Adams,10,Forward,1996-07-13T00:00:00Z
43967,SCO,430097,Ryan Christie,11,Midfielder,1995-02-22T00:00:00Z
43967,SCO,442429,Liam KELLY,12,Goalkeeper,1996-01-23T00:00:00Z
43967,SCO,430147,Jack Hendry,13,Defender,1995-05-07T00:00:00Z
43967,SCO,442433,Ross STEWART,14,Forward,1996-07-11T00:00:00Z
43967,SCO,442430,John SOUTTAR,15,Defender,1996-09-25T00:00:00Z
43967,SCO,484073,Dominic HYAM,16,Defender,1995-12-20T00:00:00Z
43967,SCO,485131,Ben GANNON-DOAK,17,Forward,2005-11-11T00:00:00Z
43967,SCO,495431,George HIRST,18,Forward,1999-02-15T00:00:00Z
43967,SCO,442434,Lewis FERGUSON,19,Midfielder,1999-08-24T00:00:00Z
43967,SCO,484045,Lawrence SHANKLAND,20,Forward,1995-08-10T00:00:00Z
43967,SCO,215553,Craig GORDON,21,Goalkeeper,1982-12-31T00:00:00Z
43967,SCO,433694,Nathan PATTERSON,22,Defender,2001-10-16T00:00:00Z
43967,SCO,484051,Kenny McLEAN,23,Midfielder,1992-01-08T00:00:00Z
43967,SCO,337389,Anthony RALSTON,24,Defender,1998-11-16T00:00:00Z
43967,SCO,520217,Findlay CURTIS,25,Forward,2006-06-09T00:00:00Z
43967,SCO,442431,Scott MCKENNA,26,Defender,1996-11-12T00:00:00Z
43879,SEN,494277,Yehvann DIOUF,1,Goalkeeper,1999-11-16T00:00:00Z
43879,SEN,499800,Mamadou SARR,2,Defender,2005-08-29T00:00:00Z
43879,SEN,339820,Kalidou KOULIBALY,3,Defender,1991-06-20T00:00:00Z
43879,SEN,370171,Abdoulaye Seck,4,Defender,1992-06-04T00:00:00Z
43879,SEN,332314,Idrissa Gana GUEYE,5,Midfielder,1989-09-26T00:00:00Z
43879,SEN,448825,Pathe CISS,6,Midfielder,1994-03-16T00:00:00Z
43879,SEN,484698,Assane DIAO,7,Forward,2005-09-07T00:00:00Z
43879,SEN,464842,Lamine CAMARA,8,Midfielder,2004-01-01T00:00:00Z
43879,SEN,418781,Bamba DIENG,9,Forward,2000-03-23T00:00:00Z
43879,SEN,353790,Sadio MANE,10,Forward,1992-04-10T00:00:00Z
43879,SEN,418795,Nicolas JACKSON,11,Forward,2001-06-20T00:00:00Z
43879,SEN,486168,Cherif NDIAYE,12,Forward,1996-01-23T00:00:00Z
43879,SEN,448815,Iliman NDIAYE,13,Forward,2000-03-06T00:00:00Z
43879,SEN,430671,Ismail JAKOBS,14,Defender,1999-08-17T00:00:00Z
43879,SEN,403642,Krepin DIATTA,15,Defender,1999-02-25T00:00:00Z
43879,SEN,433806,Edouard MENDY,16,Goalkeeper,1992-03-01T00:00:00Z
43879,SEN,418798,Pape Matar SARR,17,Midfielder,2002-09-14T00:00:00Z
43879,SEN,401889,Ismaila SARR,18,Forward,1998-02-25T00:00:00Z
43879,SEN,430690,Moussa Niakhate,19,Defender,1996-03-08T00:00:00Z
43879,SEN,496358,Ibrahim MBAYE,20,Forward,2008-01-24T00:00:00Z
43879,SEN,486130,Habib DIARRA,21,Midfielder,2004-01-03T00:00:00Z
43879,SEN,523354,Bara Sapoko NDIAYE,22,Midfielder,2007-12-31T00:00:00Z
43879,SEN,448821,Mory DIAW,23,Goalkeeper,1993-06-22T00:00:00Z
43879,SEN,494279,Antoine MENDY,24,Defender,2004-05-27T00:00:00Z
43879,SEN,464865,El Hadji Malick DIOUF,25,Defender,2004-12-29T00:00:00Z
43879,SEN,431788,Pape GUEYE,26,Midfielder,1999-01-24T00:00:00Z
43960,NED,424081,Bart Verbruggen,1,Goalkeeper,2002-08-18T00:00:00Z
43960,NED,483553,Lutsharel GEERTRUIDA,2,Defender,2000-07-18T00:00:00Z
43960,NED,402044,Marten DE ROON,3,Midfielder,1991-03-29T00:00:00Z
43960,NED,397786,Virgil VAN DIJK,4,Defender,1991-07-08T00:00:00Z
43960,NED,336088,Nathan AKE,5,Defender,1995-02-18T00:00:00Z
43960,NED,489517,Jan Paul VAN HECKE,6,Defender,2000-06-08T00:00:00Z
43960,NED,478364,Justin KLUIVERT,7,Midfielder,1999-05-05T00:00:00Z
43960,NED,430176,Ryan GRAVENBERCH,8,Midfielder,2002-05-16T00:00:00Z
43960,NED,448159,Wout WEGHORST,9,Forward,1992-08-07T00:00:00Z
43960,NED,336098,Memphis DEPAY,10,Forward,1994-02-13T00:00:00Z
43960,NED,448152,Cody GAKPO,11,Forward,1999-05-07T00:00:00Z
43960,NED,483481,Mats WIEFFER,12,Defender,1999-11-16T00:00:00Z
43960,NED,506028,Robin ROEFS,13,Goalkeeper,2003-01-17T00:00:00Z
43960,NED,483526,Tijjani REIJNDERS,14,Midfielder,1998-07-29T00:00:00Z
43960,NED,448140,Micky VAN DE VEN,15,Defender,2001-04-19T00:00:00Z
43960,NED,448157,Guus TIL,16,Midfielder,1997-12-22T00:00:00Z
43960,NED,448153,Noa LANG,17,Forward,1999-06-17T00:00:00Z
43960,NED,433066,Donyell Malen,18,Forward,1999-01-19T00:00:00Z
43960,NED,424051,Brian BROBBEY,19,Forward,2002-02-01T00:00:00Z
43960,NED,448149,Teun KOOPMEINERS,20,Midfielder,1998-02-28T00:00:00Z
43960,NED,422657,Frenkie DE JONG,21,Midfielder,1997-05-12T00:00:00Z
43960,NED,436612,Denzel DUMFRIES,22,Defender,1996-04-18T00:00:00Z
43960,NED,448151,Mark FLEKKEN,23,Goalkeeper,1993-06-13T00:00:00Z
43960,NED,489518,Crysencio SUMMERVILLE,24,Forward,2001-10-30T00:00:00Z
43960,NED,483512,Jorrel HATO,25,Defender,2006-03-07T00:00:00Z
43960,NED,484859,Quinten TIMBER,26,Midfielder,2001-06-17T00:00:00Z
43935,BEL,358106,Thibaut COURTOIS,1,Goalkeeper,1992-05-11T00:00:00Z
43935,BEL,448369,Zeno DEBAST,2,Defender,2003-10-24T00:00:00Z
43935,BEL,448346,Arthur THEATE,3,Defender,2000-05-25T00:00:00Z
43935,BEL,448360,Brandon MECHELE,4,Defender,1993-01-28T00:00:00Z
43935,BEL,448373,Maxim DE CUYPER,5,Defender,2000-12-22T00:00:00Z
43935,BEL,290821,Axel WITSEL,6,Midfielder,1989-01-12T00:00:00Z
43935,BEL,358120,Kevin DE BRUYNE,7,Midfielder,1991-06-28T00:00:00Z
43935,BEL,401444,Youri TIELEMANS,8,Midfielder,1997-05-07T00:00:00Z
43935,BEL,358112,Romelu LUKAKU,9,Forward,1993-05-13T00:00:00Z
43935,BEL,448355,Leandro TROSSARD,10,Forward,1994-12-04T00:00:00Z
43935,BEL,448341,Jeremy DOKU,11,Forward,2002-05-27T00:00:00Z
43935,BEL,495348,Senne LAMMENS,12,Goalkeeper,2002-07-07T00:00:00Z
43935,BEL,499803,Mike PENDERS,13,Goalkeeper,2005-07-31T00:00:00Z
43935,BEL,448377,Dodi LUKEBAKIO,14,Forward,1997-09-24T00:00:00Z
43935,BEL,358122,Thomas MEUNIER,15,Defender,1991-09-12T00:00:00Z
43935,BEL,448366,Koni DE WINTER,16,Defender,2002-06-12T00:00:00Z
43935,BEL,448362,Charles DE KETELAERE,17,Forward,2001-03-10T00:00:00Z
43935,BEL,506088,Joaquin SEYS,18,Defender,2005-03-28T00:00:00Z
43935,BEL,497902,Diego MOREIRA,19,Midfielder,2004-08-06T00:00:00Z
43935,BEL,448343,Hans VANAKEN,20,Midfielder,1992-08-24T00:00:00Z
43935,BEL,411443,Timothy CASTAGNE,21,Defender,1995-12-05T00:00:00Z
43935,BEL,433092,Alexis SAELEMAEKERS,22,Midfielder,1999-06-27T00:00:00Z
43935,BEL,495349,Nicolas RASKIN,23,Midfielder,2001-02-23T00:00:00Z
43935,BEL,448364,Amadou ONANA,24,Midfielder,2001-08-16T00:00:00Z
43935,BEL,514166,Nathan NGOY,25,Defender,2003-06-10T00:00:00Z
43935,BEL,494025,Matias FERNANDEZ-PARDO,26,Forward,2005-02-03T00:00:00Z
43872,MAR,356956,Yassine BOUNOU,1,Goalkeeper,1991-04-05T00:00:00Z
43872,MAR,400721,Achraf HAKIMI,2,Defender,1998-11-04T00:00:00Z
43872,MAR,411680,Noussair MAZRAOUI,3,Defender,1997-11-14T00:00:00Z
43872,MAR,372266,Sofyan AMRABAT,4,Midfielder,1996-08-21T00:00:00Z
43872,MAR,395760,Marwane SAADANE,5,Defender,1992-01-17T00:00:00Z
43872,MAR,485760,Ayyoub BOUADDI,6,Midfielder,2007-10-02T00:00:00Z
43872,MAR,494293,Chemsdine TALBI,7,Midfielder,2005-05-09T00:00:00Z
43872,MAR,441307,Azzedine OUNAHI,8,Midfielder,2000-04-19T00:00:00Z
43872,MAR,433426,Soufiane RAHIMI,9,Forward,1996-06-02T00:00:00Z
43872,MAR,430740,Brahim DIAZ,10,Forward,1999-08-03T00:00:00Z
43872,MAR,448598,Ismael SAIBARI,11,Midfielder,2001-01-28T00:00:00Z
43872,MAR,395755,Munir EL KAJOUI,12,Goalkeeper,1989-05-10T00:00:00Z
43872,MAR,485756,Zakaria EL OUAHDI,13,Defender,2001-12-31T00:00:00Z
43872,MAR,403083,Issa Diop,14,Defender,1997-01-09T00:00:00Z
43872,MAR,505097,Samir EL MOURABET,15,Midfielder,2005-10-06T00:00:00Z
43872,MAR,505112,Gessime YASSINE,16,Midfielder,2005-11-22T00:00:00Z
43872,MAR,524320,Amine SBAI,17,Forward,2000-11-05T00:00:00Z
43872,MAR,448607,Chadi RIAD,18,Defender,2003-06-17T00:00:00Z
43872,MAR,494742,Youssef BELAMMARI,19,Defender,1998-09-20T00:00:00Z
43872,MAR,411678,Ayoub El Kaabi,20,Forward,1993-06-25T00:00:00Z
43872,MAR,523288,Ayoube AMAIMOUNI,21,Forward,2004-11-30T00:00:00Z
43872,MAR,371553,Ahmed Reda TAGNAOUTI,22,Goalkeeper,1996-04-05T00:00:00Z
43872,MAR,448612,Bilal EL KHANNOUSS,23,Midfielder,2004-05-10T00:00:00Z
43872,MAR,485740,Neil EL AYNAOUI,24,Midfielder,2001-07-02T00:00:00Z
43872,MAR,485767,Redouane HALHAL,25,Defender,2003-03-05T00:00:00Z
43872,MAR,424071,Anass SALAH EDDINE,26,Defender,2002-01-18T00:00:00Z
43835,KSA,419287,NAWAF ALAQIDI,1,Goalkeeper,2000-05-10T00:00:00Z
43835,KSA,419326,ALI MAJRASHI,2,Defender,1999-10-02T00:00:00Z
43835,KSA,433439,ALI LAJAMI,3,Defender,1996-04-24T00:00:00Z
43835,KSA,403312,Abdulelah ALAMRI,4,Defender,1997-01-15T00:00:00Z
43835,KSA,403335,HASSAN ALTAMBAKTI,5,Defender,1999-02-09T00:00:00Z
43835,KSA,403319,NASSER ALDAWSARI,6,Midfielder,1998-12-19T00:00:00Z
43835,KSA,436537,MUSAB ALJUWAYR,7,Midfielder,2003-06-20T00:00:00Z
43835,KSA,430512,AIMAN YAHYA,8,Forward,2001-05-14T00:00:00Z
43835,KSA,419291,FERAS ALBRIKAN,9,Forward,2000-05-14T00:00:00Z
43835,KSA,339745,SALEM ALDAWSARI,10,Forward,1991-08-19T00:00:00Z
43835,KSA,425804,SALEH ALSHEHRI,11,Forward,1993-11-01T00:00:00Z
43835,KSA,419281,SAUD ABDULHAMID,12,Defender,1999-07-18T00:00:00Z
43835,KSA,430518,NAWAF BU WASHL,13,Defender,1999-09-16T00:00:00Z
43835,KSA,401924,HASSAN KADISH,14,Defender,1992-09-26T00:00:00Z
43835,KSA,411624,ABDULLAH ALKHAIBARI,15,Midfielder,1996-08-16T00:00:00Z
43835,KSA,436538,ZIYAD ALJOHANI,16,Midfielder,2001-11-11T00:00:00Z
43835,KSA,419300,KHALID ALGHANNAM,17,Forward,2000-11-08T00:00:00Z
43835,KSA,523333,ALA ALHAJJI,18,Midfielder,1995-12-03T00:00:00Z
43835,KSA,419302,ABDULLAH ALHAMDDAN,19,Forward,1999-09-13T00:00:00Z
43835,KSA,494800,SULTAN MANDASH,20,Forward,1994-10-17T00:00:00Z
43835,KSA,396885,MOHAMMED ALOWAIS,21,Goalkeeper,1991-10-10T00:00:00Z
43835,KSA,339746,AHMED ALKASSAR,22,Goalkeeper,1991-05-08T00:00:00Z
43835,KSA,407993,MOHAMED KANNO,23,Midfielder,1994-09-22T00:00:00Z
43835,KSA,419303,MOTEB ALHARBI,24,Defender,2000-02-20T00:00:00Z
43835,KSA,494506,JEHAD THIKRI,25,Defender,2001-07-21T00:00:00Z
43835,KSA,512183,MOHAMMED ABU ALSHAMAT,26,Defender,2002-08-11T00:00:00Z
43972,TUR,360498,Mert GUNOK,1,Goalkeeper,1989-03-01T00:00:00Z
43972,TUR,433072,Zeki CELIK,2,Defender,1997-02-17T00:00:00Z
43972,TUR,441179,Merih DEMIRAL,3,Defender,1998-03-05T00:00:00Z
43972,TUR,401167,Caglar SOYUNCU,4,Defender,1996-05-23T00:00:00Z
43972,TUR,389907,Salih OZCAN,5,Midfielder,1998-01-11T00:00:00Z
43972,TUR,433118,Orkun KOKCU,6,Midfielder,2000-12-29T00:00:00Z
43972,TUR,441188,Kerem AKTURKOGLU,7,Forward,1998-10-21T00:00:00Z
43972,TUR,484087,Arda GULER,8,Forward,2005-02-25T00:00:00Z
43972,TUR,495347,Deniz GUL,9,Forward,2004-07-02T00:00:00Z
43972,TUR,369304,Hakan CALHANOGLU,10,Midfielder,1994-02-08T00:00:00Z
43972,TUR,484112,Kenan YILDIZ,11,Forward,2005-05-04T00:00:00Z
43972,TUR,441180,Altay BAYINDIR,12,Goalkeeper,1998-04-14T00:00:00Z
43972,TUR,484065,Eren ELMALI,13,Defender,2000-07-07T00:00:00Z
43972,TUR,484082,Abdulkerim BARDAKCI,14,Defender,1994-09-07T00:00:00Z
43972,TUR,406249,Ozan KABAK,15,Defender,2000-03-25T00:00:00Z
43972,TUR,484092,Ismail YUKSEK,16,Midfielder,1999-01-26T00:00:00Z
43972,TUR,472877,Irfan Can KAHVECI,17,Forward,1995-07-15T00:00:00Z
43972,TUR,430120,Mert MULDUR,18,Defender,1999-04-03T00:00:00Z
43972,TUR,406231,Yunus AKGUN,19,Forward,2000-07-07T00:00:00Z
43972,TUR,484113,Ferdi KADIOGLU,20,Defender,1999-10-07T00:00:00Z
43972,TUR,484139,Baris Alper YILMAZ,21,Forward,2000-05-23T00:00:00Z
43972,TUR,336170,Kaan Ayhan,22,Midfielder,1994-11-10T00:00:00Z
43972,TUR,441181,Ugurcan CAKIR,23,Goalkeeper,1996-04-05T00:00:00Z
43972,TUR,486076,Oguz AYDIN,24,Forward,2000-10-27T00:00:00Z
43972,TUR,484072,Samet AKAYDIN,25,Defender,1994-03-13T00:00:00Z
43972,TUR,486074,Can UZUN,26,Forward,2005-11-11T00:00:00Z
43970,SWE,489685,Jacob WIDELL ZETTERSTROM,1,Goalkeeper,1998-07-11T00:00:00Z
43970,SWE,483304,Gustaf LAGERBIELKE,2,Defender,2000-04-10T00:00:00Z
43970,SWE,395283,Victor LINDELOF,3,Defender,1994-07-17T00:00:00Z
43970,SWE,483312,Isak HIEN,4,Defender,1999-01-13T00:00:00Z
43970,SWE,483276,Gabriel GUDMUNDSSON,5,Defender,1999-04-29T00:00:00Z
43970,SWE,514639,Herman JOHANSSON,6,Defender,1997-10-16T00:00:00Z
43970,SWE,489689,Lucas BERGVALL,7,Midfielder,2006-02-02T00:00:00Z
43970,SWE,491255,Daniel SVENSSON,8,Defender,2002-02-12T00:00:00Z
43970,SWE,430150,Alexander Isak,9,Forward,1999-09-21T00:00:00Z
43970,SWE,502946,Benjamin NYGREN,10,Midfielder,2001-07-08T00:00:00Z
43970,SWE,441137,Anthony ELANGA,11,Forward,2002-04-27T00:00:00Z
43970,SWE,483264,Viktor JOHANSSON,12,Goalkeeper,1998-09-14T00:00:00Z
43970,SWE,395286,Ken SEMA,13,Midfielder,1993-09-30T00:00:00Z
43970,SWE,483319,Hjalmar EKDAL,14,Defender,1998-10-21T00:00:00Z
43970,SWE,441132,Carl STARFELT,15,Defender,1995-06-01T00:00:00Z
43970,SWE,441135,Jesper KARLSTROM,16,Midfielder,1995-06-21T00:00:00Z
43970,SWE,483327,Viktor GYOKERES,17,Forward,1998-06-04T00:00:00Z
43970,SWE,489688,Yasin AYARI,18,Midfielder,2003-10-06T00:00:00Z
43970,SWE,433795,Mattias SVANBERG,19,Midfielder,1999-01-05T00:00:00Z
43970,SWE,493061,Eric SMITH,20,Defender,1997-01-08T00:00:00Z
43970,SWE,502945,Alexander BERNHARDSSON,21,Defender,1998-09-08T00:00:00Z
43970,SWE,503047,Besfort ZENELI,22,Midfielder,2002-11-21T00:00:00Z
43970,SWE,360496,Kristoffer NORDFELDT,23,Goalkeeper,1989-06-23T00:00:00Z
43970,SWE,519958,Elliot STROUD,24,Defender,2002-06-22T00:00:00Z
43970,SWE,489691,Gustaf NILSSON,25,Forward,1997-05-23T00:00:00Z
43970,SWE,514202,Taha ALI,26,Forward,1998-07-01T00:00:00Z
43995,CZE,484012,Matej KOVAR,1,Goalkeeper,2000-05-17T00:00:00Z
43995,CZE,433755,David Zima,2,Defender,2000-11-08T00:00:00Z
43995,CZE,441167,Tomas HOLES,3,Defender,1993-03-31T00:00:00Z
43995,CZE,486080,Robin HRANAC,4,Defender,2000-01-29T00:00:00Z
43995,CZE,472908,Vladimir COUFAL,5,Defender,1992-08-22T00:00:00Z
43995,CZE,514334,Stepan CHALOUPEK,6,Defender,2003-03-08T00:00:00Z
43995,CZE,441170,Ladislav KREJCI,7,Defender,1999-04-20T00:00:00Z
43995,CZE,358003,Vladimir DARIDA,8,Midfielder,1990-08-08T00:00:00Z
43995,CZE,433754,Adam HLOZEK,9,Forward,2002-07-25T00:00:00Z
43995,CZE,401481,Patrik Schick,10,Forward,1996-01-24T00:00:00Z
43995,CZE,441171,Jan KUCHTA,11,Forward,1997-01-08T00:00:00Z
43995,CZE,486081,Lukas CERV,12,Midfielder,2001-04-10T00:00:00Z
43995,CZE,484003,Mojmir CHYTIL,13,Forward,1999-04-29T00:00:00Z
43995,CZE,483990,David JURASEK,14,Defender,2000-08-07T00:00:00Z
43995,CZE,486082,Pavel SULC,15,Forward,2000-12-29T00:00:00Z
43995,CZE,441162,Jindrich STANEK,16,Goalkeeper,1996-04-27T00:00:00Z
43995,CZE,484011,Lukas PROVOD,17,Midfielder,1996-10-23T00:00:00Z
43995,CZE,433668,Michal SADILEK,18,Midfielder,1999-05-31T00:00:00Z
43995,CZE,483961,Tomas CHORY,19,Forward,1995-01-26T00:00:00Z
43995,CZE,441166,Jaroslav ZELENY,20,Defender,1992-08-20T00:00:00Z
43995,CZE,483936,David DOUDERA,21,Defender,1998-05-31T00:00:00Z
43995,CZE,404885,Tomas SOUCEK,22,Midfielder,1995-02-27T00:00:00Z
43995,CZE,511118,Lukas HORNICEK,23,Goalkeeper,2002-07-13T00:00:00Z
43995,CZE,523097,Alexandr SOJKA,24,Midfielder,2003-04-02T00:00:00Z
43995,CZE,506775,Hugo SOCHUREK,25,Midfielder,2008-06-07T00:00:00Z
43995,CZE,519985,Denis VISINSKY,26,Forward,2003-03-21T00:00:00Z
44037,BIH,482978,Nikola VASILJ,1,Goalkeeper,1995-12-02T00:00:00Z
44037,BIH,482969,Nihad MUJAKIC,2,Defender,1998-04-15T00:00:00Z
44037,BIH,430194,Dennis HADZIKADUNIC,3,Defender,1998-07-09T00:00:00Z
44037,BIH,484022,Tarik MUHAREMOVIC,4,Defender,2003-02-28T00:00:00Z
44037,BIH,376230,Sead KOLASINAC,5,Defender,1993-06-20T00:00:00Z
44037,BIH,483966,Benjamin TAHIROVIC,6,Midfielder,2003-03-03T00:00:00Z
44037,BIH,482976,Amar DEDIC,7,Defender,2002-08-18T00:00:00Z
44037,BIH,489523,Armin GIGOVIC,8,Midfielder,2002-04-06T00:00:00Z
44037,BIH,485063,Samed BAZDAR,9,Forward,2004-01-31T00:00:00Z
44037,BIH,436743,Ermedin DEMIROVIC,10,Forward,1998-03-25T00:00:00Z
44037,BIH,300409,Edin DZEKO,11,Forward,1986-03-17T00:00:00Z
44037,BIH,522842,Mladen JURKAS,12,Goalkeeper,2007-10-07T00:00:00Z
44037,BIH,482974,Ivan BASIC,13,Midfielder,2002-04-30T00:00:00Z
44037,BIH,372436,Ivan SUNJIC,14,Midfielder,1996-10-09T00:00:00Z
44037,BIH,494640,Amar MEMIC,15,Midfielder,2001-01-20T00:00:00Z
44037,BIH,430196,Amir HADZIAHMETOVIC,16,Midfielder,1997-03-08T00:00:00Z
44037,BIH,389886,Dzenis BURNIC,17,Midfielder,1998-05-22T00:00:00Z
44037,BIH,489520,Nikola KATIC,18,Defender,1996-10-10T00:00:00Z
44037,BIH,504990,Kerim ALAJBEGOVIC,19,Forward,2007-09-21T00:00:00Z
44037,BIH,464566,Esmir BAJRAKTAREVIC,20,Forward,2005-03-10T00:00:00Z
44037,BIH,489521,Stjepan RADELJIC,21,Defender,1997-09-05T00:00:00Z
44037,BIH,491228,Martin ZLOMISLIC,22,Goalkeeper,1998-08-16T00:00:00Z
44037,BIH,482984,Haris TABAKOVIC,23,Forward,1994-06-20T00:00:00Z
44037,BIH,494639,Arjan MALIC,24,Defender,2005-08-28T00:00:00Z
44037,BIH,519954,Jovo LUKIC,25,Forward,1998-11-28T00:00:00Z
44037,BIH,522846,Ermin MAHMIC,26,Midfielder,2005-03-14T00:00:00Z
20014,COD,441313,Lionel MPASI,1,Goalkeeper,1994-08-01T00:00:00Z
20014,COD,426357,Aaron WAN-BISSAKA,2,Defender,1997-11-26T00:00:00Z
20014,COD,504329,Steve KAPUADI,3,Defender,1998-04-30T00:00:00Z
20014,COD,403063,Axel Tuanzebe,4,Defender,1997-11-14T00:00:00Z
20014,COD,477829,Dylan BATUBINSIKA,5,Defender,1996-02-15T00:00:00Z
20014,COD,494458,Ngalayel MUKAU,6,Midfielder,2004-11-03T00:00:00Z
20014,COD,424119,Nathanael MBUKU,7,Midfielder,2002-03-16T00:00:00Z
20014,COD,433076,Samuel Moutoussamy,8,Midfielder,1996-08-12T00:00:00Z
20014,COD,510989,Brian CIPENGA,9,Forward,1998-03-11T00:00:00Z
20014,COD,441317,Theo BONGONDA,10,Midfielder,1995-11-20T00:00:00Z
20014,COD,336439,Gael KAKUTA,11,Forward,1991-06-21T00:00:00Z
20014,COD,477833,Joris KAYEMBE,12,Defender,1994-08-08T00:00:00Z
20014,COD,426506,Meschack ELIA,13,Forward,1997-08-06T00:00:00Z
20014,COD,486147,Noah SADIKI,14,Midfielder,2004-12-17T00:00:00Z
20014,COD,477864,Aaron TSHIBOLA,15,Midfielder,1995-01-02T00:00:00Z
20014,COD,486196,Timothy FAYULU,16,Goalkeeper,1999-07-24T00:00:00Z
20014,COD,336425,Cedric BAKAMBU,17,Forward,1991-04-11T00:00:00Z
20014,COD,448128,Charles PICKEL,18,Midfielder,1997-05-15T00:00:00Z
20014,COD,477859,Fiston MAYELE,19,Forward,1994-06-24T00:00:00Z
20014,COD,441316,Yoane WISSA,20,Forward,1996-09-03T00:00:00Z
20014,COD,514171,Matthieu EPOLO,21,Goalkeeper,2005-01-15T00:00:00Z
20014,COD,356532,Chancel MBEMBA,22,Defender,1994-08-08T00:00:00Z
20014,COD,477835,Simon BANZA,23,Forward,1996-08-13T00:00:00Z
20014,COD,477853,Gedeon KALULU,24,Defender,1997-08-29T00:00:00Z
20014,COD,433161,Edo Kayembe,25,Midfielder,1998-06-03T00:00:00Z
20014,COD,436572,Arthur MASUAKU,26,Defender,1993-11-07T00:00:00Z
43818,IRQ,368744,FAHAD TALIB,1,Goalkeeper,1994-10-21T00:00:00Z
43818,IRQ,396158,REBIN SULAKA,2,Defender,1992-04-12T00:00:00Z
43818,IRQ,479553,Hussein Ali,3,Defender,2002-03-01T00:00:00Z
43818,IRQ,434025,ZAID TAHSEEN,4,Defender,2001-01-29T00:00:00Z
43818,IRQ,481183,AKAM HASHIM,5,Defender,1998-08-16T00:00:00Z
43818,IRQ,434024,MUNAF YOUNUS,6,Defender,1996-11-16T00:00:00Z
43818,IRQ,464458,YOUSSEF AMYN,7,Midfielder,2003-08-21T00:00:00Z
43818,IRQ,433585,IBRAHIM BAYESH,8,Midfielder,2000-05-01T00:00:00Z
43818,IRQ,436628,ALI ALHAMADI,9,Forward,2002-03-01T00:00:00Z
43818,IRQ,422968,MOHANAD ALI,10,Forward,2000-06-20T00:00:00Z
43818,IRQ,523236,AHMED QASEM,11,Forward,2003-07-12T00:00:00Z
43818,IRQ,347085,JALAL HASSAN,12,Goalkeeper,1991-05-18T00:00:00Z
43818,IRQ,434029,ALI YOUSIF,13,Forward,1996-01-19T00:00:00Z
43818,IRQ,434026,ZIDANE IQBAL,14,Midfielder,2003-04-27T00:00:00Z
43818,IRQ,484276,AHMED MAKNAZI,15,Defender,2001-09-24T00:00:00Z
43818,IRQ,433074,AMIR ALAMMARI,16,Midfielder,1997-07-27T00:00:00Z
43818,IRQ,464457,ALI JASIM,17,Forward,2004-01-20T00:00:00Z
43818,IRQ,395186,AYMEN HUSSEIN,18,Forward,1996-03-22T00:00:00Z
43818,IRQ,506069,KEVIN YAKOB,19,Midfielder,2000-10-10T00:00:00Z
43818,IRQ,493983,AIMAR SHER,20,Midfielder,2002-12-20T00:00:00Z
43818,IRQ,484262,MARKO FARJI,21,Forward,2004-03-16T00:00:00Z
43818,IRQ,433571,AHMED BASIL,22,Goalkeeper,1996-08-19T00:00:00Z
43818,IRQ,479072,MERCHAS DOSKI,23,Defender,1999-12-07T00:00:00Z
43818,IRQ,484270,ZAID ISMAEL,24,Midfielder,2002-01-03T00:00:00Z
43818,IRQ,479056,MUSTAFA SAADOON,25,Defender,2001-05-25T00:00:00Z
43818,IRQ,436863,FRANS PUTROS,26,Defender,1993-07-14T00:00:00Z
